source_id,title,author,description,subjects,published_year,average_rating,ratings_count,isbn,language,source,collection_theme,search_query
/works/OL6772557W,The ecology of human development,Urie Bronfenbrenner,,"Child psychology, Research, Human Development, Child development, Human evolution",1979.0,5.0,1.0,9780674224575,eng,open_library,humans_and_nature,ecology human nature
/works/OL3458484W,People and nature,Emilio F. Moran,,"Effect of environment on, Effect of environment on., Effect of human beings on, Effect of human beings on., Environmental degradation, Environmental policy, Human beings, Nature, Umweltpolitik, Mensch, Umweltschutz, Umwelt, Humanokologie, Human beings, effect of environment on, Nature, effect of human beings on",2006.0,,,1118877411,eng,open_library,humans_and_nature,ecology human nature
/works/OL2990533W,The green imperative,"Victor J. Papanek, Victor Papanek",,"Design, industrial, Environmental aspects, Environmental aspects of Design, industrial, Environmental aspects of Industrial design, Human engineering, Industrial Design, Ergonomie, Design, Aspect de l'environnement, Architecture, Sustainable architecture, Sustainable design, Architecture and society, Environmentalism, Ergonomics",1995.0,,,9780500296196,eng,open_library,humans_and_nature,ecology human nature
/works/OL1805267W,Design with nature,Ian L. McHarg,,"Effect of environment on, Effect of human beings on, Environmental law, Environmental policy, Human beings, Human ecology, Nature, open_syllabus_project, Sustainable development, Environmental policy, united states, Nature, effect of human beings on, Política ambiental, Ecología humana, Ecology, Environment",1969.0,4.3333335,6.0,047111460X,eng,open_library,humans_and_nature,ecology human nature
/works/OL2911248W,"The death of nature: women, ecology, and the scientific revolution",Carolyn Merchant,,"Human ecology, Philosophy of nature, Social aspects, Social aspects of Women in science, Women in science, Femmes dans les sciences, Philosophie de la nature, Renaissance Science, Social conditions, Women, Écologie humaine, Long Now Manual for Civilization, nd index, Psychology, Science",1980.0,,,9780062505712,eng,open_library,humans_and_nature,ecology human nature
/works/OL2740932W,Human geography,"Jerome Donald Fellmann, Arthur Getis, Judith Getis",,"Human geography, Human ecology, Anthropogeographie, Sociale geografie, Social Science, Sociology",1990.0,2.0,2.0,9780697123244,eng,open_library,humans_and_nature,ecology human nature
/works/OL1830110W,Galen's Prophecy,Jerome Kagan,,"Physiological aspects, Temperament in children, Inhibition in children, Children and the environment, Physiological aspects of Inhibition in children, Physiological aspects of Temperament in children, Nature and nurture, Prophecy, Temperament, Children, Infants, Inhibition, Social ecology, Physiology, Child",1994.0,,,185343390X,eng,open_library,humans_and_nature,ecology human nature
/works/OL551091W,Man's responsibility for nature,John Arthur Passmore,,"Effect of human beings on, Environmental ethics, Environmental protection, Human ecology, Nature, Ecologie, Filosofische aspecten, Philosophy of nature, Nature, effect of human beings on, Ecologia",1974.0,5.0,1.0,0715608193,eng,open_library,humans_and_nature,ecology human nature
/works/OL21348969W,Ecological Transition,John W. Bennett,,"Ethnology, Human ecology, Social evolution",2014.0,,,9781351304702,eng,open_library,humans_and_nature,ecology human nature
/works/OL3357280W,Biomimicry,Janine M. Benyus,,"Human ecology, Technological innovations, Nature, Nonfiction, Science, Biomimicry, Long Now Manual for Civilization, Ecologie humaine, Natur, Innovations technologiques, Innovations, Ecologie, Technischer Fortschritt, Écologie humaine, Bionik",1997.0,4.2,5.0,0688136915,eng,open_library,humans_and_nature,ecology human nature
/works/OL114261W,"Sex, ecology, spirituality",Ken Wilber,,"Consciousness, Cosmology, Evolution, God, Philosophy, Whole and parts (Philosophy), Life, Evolutie, 08.31 metaphysics, Bewustzijn, Kosmologie",1995.0,,,1570620725,eng,open_library,humans_and_nature,ecology human nature
/works/OL18202378W,Team human,Douglas Rushkoff,,"Teams in the workplace, Interpersonal relations, Social sciences, Social change, Social evolution, Social ecology, SOCIAL SCIENCE, Essays, Human Services, Sociology, Social Theory, TECHNOLOGY & ENGINEERING, Social Aspects, Technology and civilization",2019.0,3.25,4.0,9780393541533,eng,open_library,humans_and_nature,ecology human nature
/works/OL1060172W,Ecology and equity,"Madhav Gadgil, Madhay Gadgil, Ramachandra Guha, Gadgil, Guha",,"Environmental degradation, Social ecology, India, Multicultural studies, Pollution & threats to the environment, Social issues, Human ecology, India, environmental conditions, Environnement, Dégradation, Écologie sociale, SOCIAL SCIENCE, Human Geography, Ökologie, Umweltpolitik",1995.0,,,9781135634957,eng,open_library,humans_and_nature,ecology human nature
/works/OL8498172W,Human Ecology,Gerald G. Marten,,"Human ecology, Sustainable development, Nature, Effect of human beings on, Human-plant relationships, Human-animal relationships, Biotic communities, Nature, effect of human beings on, Écologie humaine, Développement durable, Homme, Influence sur la nature, Relations homme-plante, Relations homme-animal, Biocénoses",2001.0,,,185383713X,eng,open_library,humans_and_nature,ecology human nature
/works/OL17403903W,Understanding Human Ecology,Robert Dyball,,"Human ecology, Sustainability, Nature, Effect of human beings on, Ecosystem management, NATURE / Ecology, Ecology, Humanökologie, Nachhaltigkeit, Umweltschutz, Homme, Influence sur la nature, Écologie humaine, Écosystèmes, Gestion",2013.0,,,9780203109557,eng,open_library,humans_and_nature,ecology human nature
/works/OL2911252W,Ecological revolutions,Carolyn Merchant,,"Human ecology, Economic conditions, History, Philosophy, Indians of North America, Nature, effect of human beings on",1989.0,,,9781469603896,eng,open_library,humans_and_nature,ecology human nature
/works/OL55017W,Human ecology,Bernard Grant Campbell,,"Human ecology, Social evolution, Anthropology, Humanökologie",1983.0,,,9780202020358,eng,open_library,humans_and_nature,ecology human nature
/works/OL21103357W,Ecology,David T. Krohne,,"Ecology, Nature, effect of human beings on, Nature, Effect of human beings on",2015.0,5.0,1.0,9780199757459,eng,open_library,humans_and_nature,ecology human nature
/works/OL20560596W,"Man, nature, and ecology",Keith Reid,,"Environment, Nature, Ecology, Environmental protection, Effect of human beings on",1974.0,5.0,1.0,0385014406,eng,open_library,humans_and_nature,ecology human nature
/works/OL12613981W,Human ecology,Bernard Campbell,,"Human ecology, Social evolution, Human evolution, Ecology, Environmental ethics",1983.0,,,9780203789568,eng,open_library,humans_and_nature,ecology human nature
/works/OL5717771W,Environmental philosophy,Christopher Belshaw,,"Philosophy, Human ecology, Environmental sciences, Philosophy of nature, SOCIAL SCIENCE, Human Geography, General, SCIENCE, Cosmology, Philosophie de la nature, Sciences de l'environnement, Philosophie, Ecologie humaine",2001.0,,,9781317490043,eng,open_library,humans_and_nature,ecology human nature
/works/OL1975475W,Sacred ecology,Fikret Berkes,,"Environmental conditions, Case studies, Traditional ecological knowledge, Philosophy, Environmental sciences, Social change, Indigenous peoples, Human ecology, Native peoples, Sciences de l'environnement, Changement social, Umweltwissenschaften, Ecology, Ecologie, Philosophie",1999.0,,,9780415958295,eng,open_library,humans_and_nature,ecology human nature
/works/OL15916672W,Human dimensions of ecological restoration,Dave Egan,,"Ecological integrity, Restoration ecology, Philosophy, Environmental management, Environmental sciences, Nature conservation, Conservation Biology/Ecology, Landscape ecology, Biotic communities, Ecology, Euthenics, Nature and nurture, Adaptation (Biology), Conservation biology, Endangered ecosystems",2011.0,,,1610910397,eng,open_library,humans_and_nature,ecology human nature
/works/OL4446615W,The forest and the sea,Marston Bates,,"Ecology, Environmental aspects, Environmental aspects of Pollution, Human ecology, Pollution, Environment, Biological Adaptation",1960.0,4.0,1.0,9780394425368,chi,open_library,humans_and_nature,ecology human nature
/works/OL1111574W,Man's nature and nature's man,Lee Raymond Dice,,Human ecology,1955.0,,,0837165946,eng,open_library,humans_and_nature,ecology human nature
/works/OL20156572W,Being Ecological,Timothy Morton,,"Ecology, Human ecology, Human beings, effect of environment on, Nature, effect of human beings on, Popular works",2018.0,,,9780262346849,eng,open_library,humans_and_nature,ecology human nature
/works/OL16184491W,Human-nature interactions in the anthropocene,Marion Glaser,,"Effect of environment on, Human beings, Nature, Effect of human beings on, Nature, effect of human beings on, Human beings, effect of environment on, Homme, Influence sur la nature, Influence de l'environnement, SOCIAL SCIENCE, Human Geography",2012.0,,,9781138008854,eng,open_library,humans_and_nature,ecology human nature
/works/OL2110114W,Last Child in the Woods,Richard Louv,,"Children and the environment, Nature, Family & Relationships, Psychological aspects of Nature, Psychological aspects, Nonfiction, Kind, Umwelt, Natur, Naturen, Umwelterziehung, Psychologie, Barn och natur, Psykologiska aspekter, NATURE / General",2005.0,3.0,1.0,9781664487437,eng,open_library,humans_and_nature,ecology human nature
/works/OL24398109W,Islands of Abandonment,Cal Flyn,,"Human ecology, Biology, Restoration ecology, Extinct cities, Nature, Effect of human beings on",2021.0,4.0,1.0,0008329761,eng,open_library,humans_and_nature,ecology human nature
/works/OL3005287W,Natural capital and human economic survival,"Thomas Prugh, Robert Costanza, Herman Daly, Robert J. A. Goodland, John H. Cumberland, Richard B. Norgaard",,"Economic aspects, Economic aspects of Environmental policy, Environmental economics, Environmental policy, Political Science, Business/Economics, Environmental Studies, Business & Economics, Economics - General, Development - Sustainable Development, Environmental Science, Life Sciences - Ecology, Science / Ecology, Public Policy - General, Environmental policy, economic aspects",1995.0,0.0,0.0,0367399725,eng,open_library,humans_and_nature,ecology human nature
/works/OL21331068W,Environmental Humanities and Theologies,Rod Giblett,,"Human ecology, religious aspects, Nature in the bible, Ecotheology, Human ecology, Christianity, Écothéologie, Écologie humaine, Aspect religieux, Christianisme, Nature dans la Bible, RELIGION, Christian Life, Social Issues, General, Religious aspects",2018.0,,,036749759X,eng,open_library,humans_and_nature,environmental humanities
/works/OL27856719W,Routledge Handbook of the Digital Environmental Humanities,"Charles Travis, Deborah P. Dixon, Luke Bergmann, Robert Legg, Arlene Crampsie",,"Human ecology and the humanities, Computer-assisted instruction, Environmental sciences, LANGUAGE ARTS & DISCIPLINES / General, NATURE / Ecology",2022.0,,,1000635848,eng,open_library,humans_and_nature,environmental humanities
/works/OL66393W,Environmental science,"G. Tyler Miller, Scott Spoolman",,"Environmental sciences, Human ecology, Environmental protection, Textbooks, Ecology, Ressources naturelles, Pollution, Écologie humaine, Écologie, Milieukunde, Environmental Science, Life Sciences - General, Biology;Environmental Science, Science / Life Sciences / General, Life Sciences - Ecology",1986.0,4.25,4.0,1337569615,eng,open_library,humans_and_nature,environmental humanities
/works/OL21306193W,Environmental Human Rights,"Markku Oksanen, Ashley Dodsworth, Selina O'Doherty",,"Environmental law, Environmental policy, Environmental justice, Human rights, Environmental aspects, Umweltrecht, Grundrecht, Menschenrecht",2017.0,,,1351742515,eng,open_library,humans_and_nature,environmental humanities
/works/OL21322280W,Environmental Human Rights,Jan Hancock,,"Environmental justice, Environmental ethics, POLITICAL SCIENCE / General",2019.0,,,9781138722408,eng,open_library,humans_and_nature,environmental humanities
/works/OL20228613W,The Environmental Humanities,"Robert S Emmett, David E. Nye",,"Environmental sciences, Science and the humanities, Education, humanistic, Humanistic Education, Geisteswissenschaften, Umweltschutz",2017.0,,,9780262342285,eng,open_library,humans_and_nature,environmental humanities
/works/OL25318280W,Introduction to the Environmental Humanities,"J. Andrew Hubbell, John Ryan",,"Economic history, Sustainability, Energy policy, Human ecology and the humanities, Environmental justice, Climatic changes, Climate Change, Durabilité de l'environnement, Politique énergétique, Justice environnementale, Climat, Changements, Climate change, ART / General, HISTORY / General",2021.0,,,9781351200332,eng,open_library,humans_and_nature,environmental humanities
/works/OL21289761W,Global Ecologies and the Environmental Humanities,"Elizabeth M. DeLoughrey, Jill Didur, Anthony Carrigan",,"Human ecology, Ecocriticism, Environmentalism in literature, Postcolonialism in literature, Human ecology in literature, Écocritique, Environnementalisme dans la littérature, Postcolonialisme dans la littérature, Écologie humaine dans la littérature, BIOGRAPHY & AUTOBIOGRAPHY, Literary",2015.0,,,1317574311,eng,open_library,humans_and_nature,environmental humanities
/works/OL20216290W,Disability Studies and the Environmental Humanities,"Sarah Jaquette Ray, Stacy Alaimo",,"Environmentalism, Environmentally induced diseases, Disability studies",2017.0,,,9781496201676,eng,open_library,humans_and_nature,environmental humanities
/works/OL2747493W,Environmental Science,"William P. Cunningham, Mary Ann Cunningham, Barbara Woodworth Saigo",,"Environmental sciences, Textbooks, Human ecology, Environmental protection, Environmental policy",1990.0,0.0,0.0,9780697286710,eng,open_library,humans_and_nature,environmental humanities
/works/OL21281758W,Routledge Companion to the Environmental Humanities,"Ursula K. Heise, Jon Christensen",,"Environmental sciences, Science and the humanities, Human ecology, Nature, effect of human beings on, Environmental sociology, Nature, Effect of human beings on, Social aspects, Sciences de l'environnement, Aspect social, Sciences et sciences humaines, Écologie humaine, Homme, Influence sur la nature, SCIENCE",2017.0,,,9781317660170,eng,open_library,humans_and_nature,environmental humanities
/works/OL25757305W,Environmental Humanities and the Uncanny,Rod Giblett,,"Psychoanalysis, Humanities, Psychoanalysis and the humanities, Uncanny, The (Psychoanalysis), Uncanny, The (Psychoanalysis), in literature, Ecotheology, Psychanalyse et sciences humaines, Inquiétante étrangeté (Psychanalyse), Inquiétante étrangeté (Psychanalyse) dans la littérature, Écothéologie, LITERARY CRITICISM, General, NATURE, Ecology, RELIGION",2019.0,,,9780367181482,eng,open_library,humans_and_nature,environmental humanities
/works/OL21126517W,Environmental Humanities,"Iovino OPPERMANN, Serenella Iovino, Serpil Oppermann",,"Environmental sciences, Science and the humanities, Human ecology, Philosophy",2016.0,0.0,0.0,1783489405,eng,open_library,humans_and_nature,environmental humanities
/works/OL25333204W,"Epistemic Justice, Mindfulness, and the Environmental Humanities",Janelle Adsit,,"Human ecology and the humanities, Environmental justice, Mindfulness (Psychology), Culturally relevant pedagogy, Justice environnementale, Pleine conscience (Psychologie), Pédagogie culturellement adaptée, EDUCATION / Higher, EDUCATION / Teaching Methods & Materials / Arts & Humanities, NATURE / Ecology",2021.0,,,9781000476422,eng,open_library,humans_and_nature,environmental humanities
/works/OL20510721W,Environmental Human Rights and Climate Change,Bridget Lewis,,"Human rights, Climatic changes",2018.0,,,9811347093,,open_library,humans_and_nature,environmental humanities
/works/OL17566439W,"Avatar and Nature Spirituality
            
                Environmental Humanities",BRON TAYLOR,,"Natural history, Motion pictures, Avatar (Motion picture : 2009), Avatar (Film cinématographique : 2009)",2013.0,,,9781554588435,,open_library,humans_and_nature,environmental humanities
/works/OL28349631W,"Religion, Narrative, and the Environmental Humanities",Matthew Newcomb,,"Evangelicalism, Humanities, Religious aspects, LITERARY CRITICISM / General, RELIGION / General",2022.0,,,9781003318293,eng,open_library,humans_and_nature,environmental humanities
/works/OL25772080W,Environmental Humanities in the New Himalayas,"Dan Smyer Yü, Erik de Maaker",,"Human ecology, Ethnoecology, Traditional ecological knowledge, Indigenous peoples, Social life and customs, Environmental conditions, Civilization, Écologie humaine, Ethnoécologie, Savoirs écologiques traditionnels, Conditions environnementales, Civilisation, BUSINESS & ECONOMICS / Development / Sustainable Development, Ecology",2021.0,,,0367699818,eng,open_library,humans_and_nature,environmental humanities
/works/OL25326089W,Cambridge Companion to Environmental Humanities,"Jeffrey Cohen, Stephanie Foote",,Human ecology,2021.0,,,9781009039369,eng,open_library,humans_and_nature,environmental humanities
/works/OL27858103W,Environmental Humanities of Extraction in Africa,"James Ogude, Tafadzwa Mushonga",,,2022.0,,,1032263601,eng,open_library,humans_and_nature,environmental humanities
/works/OL25744614W,Grounding Education in Environmental Humanities,"Lucas F. Johnston, Dave Aftandilian",,"Environmental education, Place-based education, Community and school, Higher Education, Environmental sciences, Philosophy, Science and the humanities, Human ecology, Social aspects, Pédagogie du lieu, Relations école-collectivité, Enseignement supérieur, Aspect social, Sciences de l'environnement, Philosophie",2018.0,,,9781351003896,eng,open_library,humans_and_nature,environmental humanities
/works/OL14240W,Environmental science,"Eldon D. Enger, Richard J. Kormelink, Bradley F. Smith",,"Textbooks, Environmental sciences, Environmental Science, Human ecology, Science/Mathematics, Environmental Studies, Ecology",1986.0,3.0,2.0,9780697051349,eng,open_library,humans_and_nature,environmental humanities
/works/OL19061W,Environmental science,"Bernard J. Nebel, Richard T. Wright",,"Environmental sciences, Ecology, Human ecology, Textbooks, Environmental aspects, Pollution, Environmental engineering",1987.0,3.4285715,7.0,9780132854467,eng,open_library,humans_and_nature,environmental humanities
/works/OL27640562W,Eighteenth-Century Environmental Humanities,"Jeremy Chow, Elliot Patsoura, Annette Hulbert, Adam Sweeting",,,2022.0,,,9781684484294,eng,open_library,humans_and_nature,environmental humanities
/works/OL21305633W,Ecological Exile,Derek Gladwin,,"Environmental justice, Pollution, Social aspects, Justice environnementale, Aspect social, BUSINESS & ECONOMICS, Infrastructure, SOCIAL SCIENCE, General",2017.0,,,9781317280125,eng,open_library,humans_and_nature,environmental humanities
/works/OL2011849W,Environmental science,"Daniel B. Botkin, Edward A. Keller, Daniel Botkin, Edward Keller",,"Environmental sciences, Case studies, Sustainable development, Human ecology, Biological diversity, Biodiversity, Textbooks, Environmental Science, The Environment, Environmental Studies, Sciences de l'environnement, Cas, Études de, Écologie humaine, Biodiversité, Développement durable",1995.0,5.0,1.0,0471726516,eng,open_library,humans_and_nature,environmental humanities
/works/OL25328736W,Bloomsbury Handbook to the Medical-Environmental Humanities,"Scott Slovic, Swarnalatha Rangarajan, Vidya Sarveswaran",,"Human ecology, Handbooks, manuals, Culture, Environmental aspects, Medicine and the humanities",2022.0,,,9781350197305,eng,open_library,humans_and_nature,environmental humanities
/works/OL13333149W,An Approach to environmental psychology,"Albert Mehrabian, James A. Russell",,"Influence of environment, Emotions, Man, Influence de l'environnement, E motions, Emoties, Environment, Omgevingspsychologie, Social Environment, Psychologie de l'environnement, Environmental psychology, Experimental Psychology, Homme, Human beings, effect of environment on",1974.0,4.75,4.0,0262130904,eng,open_library,humans_and_nature,environmental humanities
/works/OL25183576W,Rethinking Invasion Ecologies from the Environmental Humanities,"Jodi Frawley, Iain McCalman",,"Biological invasions, Science and the humanities, Life (biology)",2014.0,,,113475616X,eng,open_library,humans_and_nature,environmental humanities
/works/OL27808768W,Environmental Human Rights in the Anthropocene,"Walter F. Baber, James May",,,2022.0,,,1009017098,eng,open_library,humans_and_nature,environmental humanities
/works/OL14868264W,More Than Human,Theodore Sturgeon,,"Fiction, science fiction, general, American Science fiction, Large type books, Psychic ability, Fiction, Mutation (Biology), Symbiosis (Psychology)",1952.0,3.5,2.0,9780374212926,ger,open_library,humans_and_nature,more than human
/works/OL15845262W,The spell of the sensuous,David Abram,,"Human ecology, Wahrnehmung, Sense (Philosophy), Philosophy of nature, Perception (Philosophy), Human body (Philosophy), Humanökologie, Körper, Naturphilosophie, Natuurfilosofie, Philosophie, Body, Human (Philosophy), Perception, Philosophie de la nature, Corps humain (Philosophie)",1996.0,4.3333335,3.0,0679776397,eng,open_library,humans_and_nature,more than human
/works/OL3977619W,No more than human,Maura Laverty,,"Fiction, general, English fiction, Texts, Governesses, Romance fiction",1944.0,0.0,0.0,0860684792,eng,open_library,humans_and_nature,more than human
/works/OL8526586W,More Than Human,Ramez Naam,,"Human reproductive technology, Genetic engineering, Medical genetics, Popular works, Assisted Reproductive Techniques, Ethics",2005.0,,,9780557582334,eng,open_library,humans_and_nature,more than human
/works/OL21288260W,Participatory Research in More-Than-Human Worlds,"Michelle Bastian, Owain Jones, Niamh Moore, Emma Roe",,"Human ecology, Natural history, Research, Methodology, Sciences naturelles, Recherche, Méthodologie, SOCIAL SCIENCE, Human Geography",2016.0,,,1317340876,eng,open_library,humans_and_nature,more than human
/works/OL16672076W,More than human,Tim Flach,,"PHOTOGRAPHY / Individual Photographers / General, Photography of animals, PHOTOGRAPHY / Subjects & Themes / Plants & Animals, Art, british",2012.0,,,9781419705526,eng,open_library,humans_and_nature,more than human
/works/OL43617850W,More Than Human,"Mel Keegan, Jayne DeMarco",,,2012.0,4.0,1.0,9780987232861,eng,open_library,humans_and_nature,more than human
/works/OL25761558W,Injecting Bodies in More-Than-human Worlds,Fay Dennis,,Therapeutics,2019.0,,,9780367660406,eng,open_library,humans_and_nature,more than human
/works/OL21213643W,Data Selves,Deborah Lupton,,"Sociology, Data protection, Feminist theory, Information society, Materialism, Personal information management, Digital media, Online social networks, Electronic surveillance, social aspects, Social aspects, Self-monitoring, Electronic surveillance, Databescherming, Digitale systemen, Informatiemaatschappij",2019.0,,,9781509539345,eng,open_library,humans_and_nature,more than human
/works/OL21340028W,Walking Methodologies in a More-Than-human World,"Stephanie Springgay, Sarah E. Truman",,"Qualitative research, Walking, Research, Sociology, Methodology, Social aspects, SOCIAL SCIENCE, Anthropology, General, Regional Studies",2017.0,,,9781351866491,eng,open_library,humans_and_nature,more than human
/works/OL16672077W,More than human,Tim Flach,,"PHOTOGRAPHY / Individual Photographers / General, Photography of animals, PHOTOGRAPHY / Subjects & Themes / Plants & Animals, Animals, pictorial works, Artists, great britain",2012.0,,,9781419706677,eng,open_library,humans_and_nature,more than human
/works/OL25051179W,Matters of Care,María Puig de la Bellacasa,,"Ethics, Caring, Environmental ethics",2017.0,,,9781452953465,eng,open_library,humans_and_nature,more than human
/works/OL20593720W,Healthy Urban Environments,Cecily Maller,,"Urban ecology (sociology), City planning, Health aspects, Environmental aspects, Urban ecology (Biology), Écologie urbaine, Urban environments, SOCIAL SCIENCE, Sociology, Urban, Cities and towns, Study and teaching, Environmental health, Environmental policy, Human ecology",2018.0,,,9781317217244,eng,open_library,humans_and_nature,more than human
/works/OL21279904W,"Humans, Animals and Biopolitics","Kristin Asdal, Tone Druglitrø, Steve Hinchliffe",,"Human-animal relationships, Biopolitics, Human ecology, Political aspects, Écologie humaine, Aspect politique, Biopolitique, Relations homme-animal, PHILOSOPHY, Ethics & Moral Philosophy",2016.0,,,1315587637,eng,open_library,humans_and_nature,more than human
/works/OL20693631W,Radical Environmentalism,J. Cianchi,,"Environmentalism, Social aspects, Deep ecology",2015.0,,,1137473789,eng,open_library,humans_and_nature,more than human
/works/OL37832213W,Designing More-Than-Human Smart Cities,"Sara Heitlinger, Marcus Foth, Rachel Clarke",,,2024.0,,,0198904894,eng,open_library,humans_and_nature,more than human
/works/OL30949652W,I Love My Dog More Than Humans,Pleaza,,,2021.0,,,9798454063948,eng,open_library,humans_and_nature,more than human
/works/OL29984787W,More Than Human,Raymond Long,,,2010.0,,,9781983214585,eng,open_library,humans_and_nature,more than human
/works/OL37872949W,More-Than-Human Aging,"Cristina Douglas, Andrew Whitehouse, Jay Sokolovsky",,,2024.0,,,9781978840966,eng,open_library,humans_and_nature,more than human
/works/OL20747836W,Anthropocene Psychology,Matthew Adams,,"Human ecology, Psychological aspects, Environmental psychology, Human-animal relationships, Nature, Environmental Psychology, Écologie humaine, Aspect psychologique, Psychologie de l'environnement, Relations homme-animal, PSYCHOLOGY, General, Social Psychology",2020.0,,,9780203703694,eng,open_library,humans_and_nature,more than human
/works/OL21679021W,Biopolitics of the More-Than-Human,Joseph Pugliese,,"Environmental engineering, War, Environmental aspects, Geopolitics, Biopolitics, Nature, Effect of human beings on, Political violence, TECHNOLOGY & ENGINEERING / Environmental / General",2020.0,,,1478008024,eng,open_library,humans_and_nature,more than human
/works/OL20725867W,More-than-Human Sociology,O. Pyyhtinen,,"Sociology, SOCIAL SCIENCE / Sociology / General, Philosophy, Social sciences, SOCIAL SCIENCE, General",2015.0,,,1137531843,eng,open_library,humans_and_nature,more than human
/works/OL37577716W,More-Than-Human Aesthetics,"Melanie Sehgal, Alex Wilkie",,,2024.0,,,152922781X,eng,open_library,humans_and_nature,more than human
/works/OL29223159W,More-Than-Human Choreography,Moritz Frischkorn,,,2023.0,,,9783837664508,eng,open_library,humans_and_nature,more than human
/works/OL20884668W,The Spell of the Sensuous,"David Abram, Sean Runnette",,,2017.0,,,9781665271578,,open_library,humans_and_nature,more than human
/works/OL21323285W,City Is More Than Human,"Frederick L. Brown, Paul S. Sutter",,"Zoology, united states, Animals, social aspects, City and town life, Human-animal relationships, Social change, Urban ecology (biology), Seattle (wash.), social conditions, United states, environmental conditions",2016.0,,,9780295745718,eng,open_library,humans_and_nature,more than human
/works/OL37570929W,Digital Ecologies,"Jonathon Turnbull, Adam Searle, Henry Anderson-Elliott, Eva Haifa Giraud",,,2024.0,,,1526188600,eng,open_library,humans_and_nature,more than human
/works/OL39132171W,More-Than-Human Design in Practice,"Anton Poikolainen Rosén, Antti Salovaara, Andrea Botero, Marie Louise Juul Søndergaard",,,2024.0,,,1032741198,eng,open_library,humans_and_nature,more than human
/works/OL36114442W,Design for More-Than-Human Futures,"Martín Tironi, Marcos Chilet, Pablo Hermansen, Carola Marín",,Decoration and ornament,2023.0,,,1032334398,eng,open_library,humans_and_nature,more than human
/works/OL25131888W,Mammoth Books Presents More Than Human,"Stephen Volk, Brian Lumley",,,2012.0,,,1472102460,eng,open_library,humans_and_nature,more than human
/works/OL100871W,Ecofeminism,"Maria Mies, Vandana Shiva, Ariel Salleh",,"Ecofeminism, Human ecology, Ecology, 71.38 social movements, Social aspects, Economic development, Feminisme, Ecologie, Écoféminisme, Ökologie, Feminismus, Écologie humaine, Women, Economic development, social aspects, Feminism",1993.0,,,8185107343,eng,open_library,humans_and_nature,ecofeminism
/works/OL18327742W,Ecofeminism,Karen Warren,,"Ecofeminism, SOCIAL SCIENCE, NATURE, Women's Studies, Environmental Conservation & Protection, Écoféminisme, Ökologie, Feminismus, Aufsatzsammlung, Feminism & Feminist Theory",1997.0,,,0253330319,eng,open_library,humans_and_nature,ecofeminism
/works/OL18242711W,Ecofeminism,Greta Claire Gaard,,"Ecofeminism, Nature, Human ecology, Effect of human beings on, Human beings, Influence on nature, Rechten van het dier, Feminisme, Ecologie, Ökologie, Feminismus, Aufsatzsammlung, Nature, effect of human beings on",1993.0,5.0,1.0,0877229899,eng,open_library,humans_and_nature,ecofeminism
/works/OL8676459W,Healing the Wounds,Judith Plant,,"Feminism, Environmental ethics, Human ecology, Miscellanea, Ecofeminism, Ecology, Féminisme, Écologie, Ökologie, Miscellanées, Écologie humaine, Feminismus",1989.0,,,1854250167,eng,open_library,humans_and_nature,ecofeminism
/works/OL21247119W,Ecofeminism and Systems Thinking,Anne Stephens,,"Ecofeminism, Critical thinking, Social ecology, Écoféminisme, Écologie sociale, Pensée critique, Human ecology, SOCIAL SCIENCE, Human Geography, Sozialökologie, Feminismus",2013.0,,,1135022313,eng,open_library,humans_and_nature,ecofeminism
/works/OL3949964W,Reweaving The World,Irene Diamond,,,1990.0,,,087156694X,eng,open_library,humans_and_nature,ecofeminism
/works/OL19983979W,Ecofeminism,"Carol J. Adams, Lori Gruen",,"Ecofeminism, Nature, Animal rights, Moral and ethical aspects, Women and the environment, Effect of human beings on, Environmentalism, Environmentalists, Human-animal relationships",2014.0,,,1628928034,eng,open_library,humans_and_nature,ecofeminism
/works/OL2653714W,Ecofeminism,Greta Claire Gaard,,,1993.0,,,0877229880,eng,open_library,humans_and_nature,ecofeminism
/works/OL17411210W,Ecofeminism And The Sacred,Carol J. Adams,,"Ecofeminism, Religious aspects, Feministische theologie, Religion, Ökologie, Milieuethiek, Feminismus, Aufsatzsammlung, Okologie, 11.69 Christian doctrine: other, Women's studies, Spiritual life, Social sciences",1993.0,,,9780826405869,eng,open_library,humans_and_nature,ecofeminism
/works/OL13569451W,Ecofeminism as politics,Ariel Salleh,,"Ecofeminism, Feminist theory, Political aspects, Postmodernism, Ecofeminism--political aspects, Environment and ecology, Hq1233 .s16 2017, 305.4201, Feminism, History, Women",1996.0,,,9781786990402,eng,open_library,humans_and_nature,ecofeminism
/works/OL9811249W,What is ecofeminism?,Ynestra King,,"Ecofeminism, Feminism, Human ecology",1990.0,,,,eng,open_library,humans_and_nature,ecofeminism
/works/OL25363139W,Ecofeminism,Greta Gaard,,"Human ecology, Nature, effect of human beings on, Ecofeminism",2010.0,,,1439905487,eng,open_library,humans_and_nature,ecofeminism
/works/OL16143485W,Ecofeminism revisited,Chāyā Dātāra,,"Environmental economics, Ecofeminism, Sustainable development, India, environmental conditions",2011.0,,,8131603997,eng,open_library,humans_and_nature,ecofeminism
/works/OL18375960W,Ecofeminism and globalization,"Heather Eaton, Heather Eaton, Lois Ann Lorentzen",,"Ecofeminism, Globalization, The Environment, Science/Mathematics, Feminism & Feminist Theory, Science, Gender Studies, Sociology, Environmental Science, Science / Environmental Science, Feminismus, Globalisierung",2003.0,,,0742526984,eng,open_library,humans_and_nature,ecofeminism
/works/OL21154769W,Critical Ecofeminism,Greta Gaard,,"Ecofeminism, Critical thinking",2017.0,,,1498533604,eng,open_library,humans_and_nature,ecofeminism
/works/OL21280913W,Contemporary Perspectives on Ecofeminism,"Mary Phillips, Nick Rumens",,"Human ecology, Environmentalism, Ecofeminism, Women and the environment, SOCIAL SCIENCE, Women's Studies, Feminismus, Humanökologie, Ökologie",2015.0,,,1317697200,eng,open_library,humans_and_nature,ecofeminism
/works/OL21348752W,Literature and Ecofeminism,"Douglas A. Vakoch, Sam Mickey",,"Ecofeminism, Ecofeminism in literature, Feminist literary criticism, Feminist criticism, Écoféminisme dans la littérature, Critique féministe, LITERARY CRITICISM, American, General, Ecology in literature, Human ecology in literature, Nature in literature, Ecocriticism",2018.0,,,1351209744,eng,open_library,humans_and_nature,ecofeminism
/works/OL29414289W,Ecofeminism,"Karen Warren, Nisvan Erkal",,Ecofeminism,1997.0,,,9780585000725,eng,open_library,humans_and_nature,ecofeminism
/works/OL836803W,Longing for running water,Ivone Gebara,,"Ecofeminism, Feminist theology, Religious aspects of Ecofeminism, Christianity, Bevrijdingstheologie, Feministische theologie, Ecofeminisme, Liberation theology, Religious aspects",1999.0,,,9780800631833,eng,open_library,humans_and_nature,ecofeminism
/works/OL25325300W,Ecofeminism and the Indian Novel,Sangita Patil,,"Indo-iranian philology, Ecofeminism in literature, Indic fiction, History and criticism, Indic fiction (English), Feminist literary criticism, Feminist criticism, Écoféminisme dans la littérature, Roman de l'Inde, Histoire et critique, Roman de l'Inde (anglais), Critique féministe, NATURE, Ecology, SCIENCE",2019.0,,,0429520123,eng,open_library,humans_and_nature,ecofeminism
/works/OL28018737W,"D. H. Lawrence, Ecofeminism and Nature",Terry Gifford,,"Criticism and interpretation, Nature in literature, Human ecology in literature, LITERARY CRITICISM / General",2022.0,,,1000649571,eng,open_library,humans_and_nature,ecofeminism
/works/OL21263788W,Changing Nature of Eco/Feminism,Niamh Moore,,"Feminists, Women, political activity, Canada, environmental conditions, Ecofeminism, Women, biography, Women political activists, Environmental conditions, Interviews",2015.0,,,9780774826297,eng,open_library,humans_and_nature,ecofeminism
/works/OL21346563W,Place and Postcolonial Ecofeminism,Shazia Rahman,,"English literature, Pakistani fiction (English), Women authors, History and criticism, Pakistani fiction, In literature, Women in literature, Environmentalism in literature, Motion pictures, History, In motion pictures, Women in motion pictures, Environmentalism in motion pictures",2019.0,,,1496213416,eng,open_library,humans_and_nature,ecofeminism
/works/OL37572625W,Ecofeminism on the Edge,"Goran &#272;ur&#273;evi&#263;, Suzana Marjani&#263;",,Sociology,2024.0,,,1804550434,eng,open_library,humans_and_nature,ecofeminism
/works/OL27857995W,Routledge Handbook of Ecofeminism and Literature,Douglas A. Vakoch,,"Ecofeminism in literature, Ecofeminism, Feminist literature, History and criticism, LITERARY CRITICISM / General, SOCIAL SCIENCE / Feminism & Feminist Theory",2022.0,,,9781032050119,eng,open_library,humans_and_nature,ecofeminism
/works/OL19584144W,Ecofeminism reader,,,,2004.0,,,9789718605318,eng,open_library,humans_and_nature,ecofeminism
/works/OL21677740W,Ecofeminism in Dialogue,"Douglas A. Vakoch, Sam Mickey, Anna Bedford",,"Literature, modern, history and criticism, Ecofeminism",2017.0,,,9781498569279,eng,open_library,humans_and_nature,ecofeminism
/works/OL29370212W,Ecofeminism,Karen J. Warren,,Ecofeminism,1997.0,,,0253116295,eng,open_library,humans_and_nature,ecofeminism
/works/OL42815769W,What is ecofeminism anyway?,"Cathleen McGuire, Colleen McGuire, Ecofeminist Visions Emerging",,"Feminism, Human ecology",1991.0,,,,eng,open_library,humans_and_nature,ecofeminism
/works/OL35844145W,Queer Ecofeminism,Asmae Ourkiya,,,2023.0,,,1793640211,eng,open_library,humans_and_nature,ecofeminism
/works/OL8651826W,Deep Ecology & Anarchism,Murray Bookchin,,"Anarchism, Deep ecology, Polemics, Social ecology",1993.0,,,0900384670,eng,open_library,humans_and_nature,deep ecology
/works/OL4312153W,Deep ecology,Bill Devall,,"Nature, Effect of human beings on, Conservation of natural resources, Environmental protection, Environmental policy, Deep ecology, Human ecology, Ecology, Conservation of Natural Resources, Política ambiental, Homme, Influence sur la nature, Environnement, Protection, Conservation des ressources naturelles",1985.0,,,0879051582,eng,open_library,humans_and_nature,deep ecology
/works/OL12887593W,THE DEEP ECOLOGICAL MOVEMENT: SOME PHILOSOPHICAL ASPECTS,ARNE NAESS,,,,,,,eng,open_library,humans_and_nature,deep ecology
/works/OL16980162W,Deep Ecology for the 21st century,George Sessions,,"Deep ecology, General & miscellaneous religion, Buddhism, Ecology & environmental sciences, Ecology",1994.0,4.0,1.0,9781570620492,eng,open_library,humans_and_nature,deep ecology
/works/OL20987448W,Deep Ecology Movement,"Alan Drengson, Yuichi Inoue, Arne Naess, Gary Snyder",,Deep ecology,1995.0,,,1556431988,eng,open_library,humans_and_nature,deep ecology
/works/OL2931619W,Eco-socialism,David Pepper,,"Deep ecology, Green movement, Human ecology, Political aspects, Political aspects of Human ecology, Social ecology, Écologie humaine, Aspect politique, Écologie sociale, Écologie profonde, Écologisme, SOCIAL SCIENCE, Human Geography, Ecologie, Groenen",1993.0,,,1134861877,eng,open_library,humans_and_nature,deep ecology
/works/OL11809003W,DEEP ECOLOGY,W. CHAMBERS,,,,,,,eng,open_library,humans_and_nature,deep ecology
/works/OL20985707W,Deep Ecology,"Bill Devall, George Sessions",,Deep ecology,2001.0,,,0879052473,eng,open_library,humans_and_nature,deep ecology
/works/OL21312857W,Spinoza and Deep Ecology,Eccy de Jonge,,"Spinoza, benedictus de, 1632-1677, Deep ecology, Environmental ethics",2016.0,,,1351898604,eng,open_library,humans_and_nature,deep ecology
/works/OL25753831W,Gaia Psyche and Deep Ecology,Andrew Fellows,,"Gaia hypothesis, Environmental psychology, Deep ecology, NATURE, Reference, SCIENCE, Life Sciences, Biology, General, POLITICAL SCIENCE, Public Policy, Environmental Policy, PSYCHOLOGY, Mental Health, Movements",2019.0,,,9781351403559,eng,open_library,humans_and_nature,deep ecology
/works/OL4780416W,Buddhism and Deep Ecology,Daniel H. Henning,,,2001.0,,,140102260X,eng,open_library,humans_and_nature,deep ecology
/works/OL4774634W,How deep is deep ecology?,George Bradford,,"Philosophy, Women's rights, Birth control, Deep ecology, Earth First! (Organization), Human ecology, Population",1989.0,,,0878100350,eng,open_library,humans_and_nature,deep ecology
/works/OL8731774W,Deep Ecology,Wayne Valentic,,,2003.0,,,1410742989,eng,open_library,humans_and_nature,deep ecology
/works/OL9214042W,Buddhism and Deep Ecology,"Daniel H., Ph.D. Henning",,"Nature, Buddhism, Human ecology, Spiritual life, Doctrines",2001.0,,,9781401022594,eng,open_library,humans_and_nature,deep ecology
/works/OL25809108W,"Deep Ecology, Business Ethics and Personal Responsibility",Knut Johannessen Ims,,Commerce,2021.0,,,1800792328,eng,open_library,humans_and_nature,deep ecology
/works/OL14861760W,Toward a naturalistic political theory,Terry Hoy,,"Deep ecology, Philosophy, Political science, Evolution (Biology), Naturalism, Political science, philosophy, Evolution, Dewey, john, 1859-1952, Aristotle, Hume, david, 1711-1776, Contributions in political science",2000.0,,,0313003491,eng,open_library,humans_and_nature,deep ecology
/works/OL16063987W,"Dark night, early dawn",Christopher M. Bache,,"Psychology, Reincarnation, Philosophy, Altered states of consciousness, Transpersonal psychology, Transpersonale Psychologie, Psychology, philosophy",2000.0,3.0,1.0,9780791446058,eng,open_library,humans_and_nature,deep ecology
/works/OL4034189W,Spinoza and the deep ecology movement,Arne Naess,,"Environmental ethics, Ethics, Early works to 1800",1992.0,,,9789051663297,eng,open_library,humans_and_nature,deep ecology
/works/OL13408581W,Deep ecology,D. J. Simpson,,,1999.0,,,9781894401005,eng,open_library,humans_and_nature,deep ecology
/works/OL18369323W,Discussion course on exploring deep ecology,,,"Deep ecology, Study and teaching",2001.0,,,,eng,open_library,humans_and_nature,deep ecology
/works/OL3282003W,Deep Ecology,Eric Katz,,,2005.0,,,9780415073011,eng,open_library,humans_and_nature,deep ecology
/works/OL19672018W,Deep ecology,Michael Tobias,,"Ecology, Deep ecology",1985.0,,,0932238130,eng,open_library,humans_and_nature,deep ecology
/works/OL18205994W,Beneath the surface,"Eric Katz, David Rothenberg",,"Deep ecology, Philosophy, Human ecology, Écologie profonde, Philosophie, Écologie humaine, Ethics & Moral Philosophy, Ökologie, Milieufilosofie, Ecologie",2000.0,,,9780262611497,eng,open_library,humans_and_nature,deep ecology
/works/OL37411815W,Approaching deep ecology,Warwick Fox,,"Human ecology, Environmental protection, Nature, Effect of human beings on",1986.0,,,0859013359,eng,open_library,humans_and_nature,deep ecology
/works/OL4286898W,Regarding nature,Andrew McLaughlin,,"Comparative economics, Consumption (Economics), Deep ecology, Environmental policy, Green movement, Radical economics, Politische Philosophie, Consumptiemaatschappij, Milieubeleid, Groenen, Politische Ethik, Umweltschutz, Umwelt, Natur, Industrialisierung",1993.0,,,0791413837,eng,open_library,humans_and_nature,deep ecology
/works/OL25789700W,Living Deep Ecology,Sing C. Chew,,Biology,2020.0,,,1793631867,eng,open_library,humans_and_nature,deep ecology
/works/OL8978432W,The Culture of Extinction,Frederic L. Bender,,"Deep ecology, Philosophy, Human ecology",2003.0,,,1591020557,eng,open_library,humans_and_nature,deep ecology
/works/OL12951174W,POSTMODERN ENVIRONMENTALISM: A CRITIQUE OF DEEP ECOLOGY,JERRY A. STARK,,,,,,,eng,open_library,humans_and_nature,deep ecology
/works/OL13051561W,Gandhi and deep ecology,Shahed Ahmed Power,,,1990.0,,,,eng,open_library,humans_and_nature,deep ecology
/works/OL2190211W,A critique of deep ecology,Richard Sylvan,,,1984.0,,,,eng,open_library,humans_and_nature,deep ecology
/works/OL2946995W,Building for Life,Stephen R. Kellert,,"Environmental aspects, Nature, Architecture, Psychological aspects, Mental Health, PSYCHOLOGY, Aspect psychologique, Aspect de l'environnement, Environmental psychology",2005.0,,,1597265918,eng,open_library,humans_and_nature,human nature connection
/works/OL17658231W,Loneliness,John T. Cacioppo,,"Loneliness, Neuropsychology, Physiological aspects, Ensamhet, Neuropsykologi, Interaktion, Methods, Einsamkeit, Neuropsychologie, Gefühl, Cognition and culture, Social sciences and psychoanalysis, Psychology",2008.0,2.6666667,3.0,039307031X,eng,open_library,humans_and_nature,human nature connection
/works/OL1878299W,Social Intelligence,Daniel Goleman,,"Social aspects of Intellect, Psychology, Social aspects, Intelligence, Emotions, Social aspects of Intelligence, Interpersonal relations, Nonfiction, Social aspects of Emotions, Intellect, Social intelligence, Large type books, Empathy, Nurturing behavior, Emotional Intelligence",2006.0,5.0,3.0,9780558303525,eng,open_library,humans_and_nature,human nature connection
/works/OL16927611W,The good in nature and humanity,"Stephen R. Kellert, Timothy J. Farnham",,"Religion and science, Human ecology, Religious aspects, Nature, Nature, religious aspects, Human ecology, religious aspects",2002.0,,,9781610910767,eng,open_library,humans_and_nature,human nature connection
/works/OL1860194W,Place-based education,"David Sobel, Smith, Gregory A.",,"Pédagogie du lieu, Outdoor education, Sciences de l'environnement, Environmental education, Nature study, Environmental sciences, Classe de découverte, Study and teaching, Human ecology, Éducation relative à l'environnement, Écologie humaine, Classroom management, Effective teaching, Education, united states, Community and school",2004.0,,,1134999917,eng,open_library,humans_and_nature,human nature connection
/works/OL8417293W,Connected Lives,Ruth E. Groenhout,,"Caring, Éthique féministe, Ethiek, Feministische Ethik, Zorg, Humanité (Morale), Feminist ethics, Menselijke natuur, Verzorging, Ethique feministe, Humanite (Morale)",2004.0,,,0742514978,eng,open_library,humans_and_nature,human nature connection
/works/OL15413802W,Nature and culture,Sarah Pilgrim,,"Biodiversity, Nature, Nature and nurture, Effect of human beings on, Effect of environment on, Cultural pluralism, Human beings, Human ecology, Biodiversity conservation, Biology, social aspects, Cultural Diversity, Homme, Influence sur la nature, Influence de l'environnement, Écologie humaine",2010.0,,,9781136531989,eng,open_library,humans_and_nature,human nature connection
/works/OL19884622W,Loneliness,John T. Cacioppo,,"Loneliness, Physiological aspects, Neuropsychology, Social interaction",2009.0,,,0393335283,eng,open_library,humans_and_nature,human nature connection
/works/OL2173032W,Wittgenstein,P. M. S. Hacker,,"Wittgenstein, ludwig, 1889-1951, Philosophy, modern, 20th century, Philosophy, Language and languages, philosophy, Semantics, Wittgenstein, Ludwig,, Philosophy of mind, Will, Philosophie, Wittgenstein, Ludwig, (1889-1951)",1998.0,,,9580444854,eng,open_library,humans_and_nature,human nature connection
/works/OL7910541W,Survival of the Sickest,"Sharon Moalem, Jonathan Prince",,"Hemochromatosis, bloodletting, Diabetes, climate change, brown fat, vitamin D, cholesterol, malaria, guinea worms, transposable elements, childhood obesity, cancer cells, Biological Evolution, Diseases, Disease susceptibility",2007.0,4.0,1.0,0061155764,eng,open_library,humans_and_nature,human nature connection
/works/OL15988667W,Natural learning for a connected world,Renate Nummela Caine,,"Critical pedagogy, Education, Aims and objectives, Effect of technological innovations on, Psychological aspects, Literacy, Minorities, Educational technology, Urban Education, Cognition in children, Psychology of Learning, Learning, psychology of, Education, aims and objectives, Social aspects",2011.0,,,9780807751909,eng,open_library,humans_and_nature,human nature connection
/works/OL15981266W,Human transit,Jarrett Walker,,"City planning, Local transit, Community development, Urban ecology (Sociology), Sustainable development, Ecology, Euthenics, Nature and nurture, Adaptation (Biology), Environmental sciences, Regional planning, Architecture, Urbanism, Landscape/Regional and Urban Planning",2011.0,5.0,2.0,9781642833058,eng,open_library,humans_and_nature,human nature connection
/works/OL25756070W,Urbanizing Nature,Tim Soens,,"Urban ecology (sociology), Urbanization, Cities and towns, europe, Human ecology, Nature, effect of human beings on, History, Cities and towns, Nature, Effect of human beings on, Écologie urbaine, Histoire, Urbanisation, Aspect de l'environnement, Villes, Homme",2019.0,,,0367662507,eng,open_library,humans_and_nature,human nature connection
/works/OL42455363W,Consciousness Connection,Bob Davis,,Mind and body,2025.0,,,9798822967816,eng,open_library,humans_and_nature,human nature connection
/works/OL17803016W,"The good in nature and humanity : connecting science, religion, and spirituality with the natural world",,,,,,,,,open_library,humans_and_nature,human nature connection
/works/OL37861955W,Get Outside!,Leah Payne,,,2024.0,,,9781459832091,eng,open_library,humans_and_nature,human nature connection
/works/OL5228057W,Lexicon medicum,Robert Hooper M.D.,,"Dictionaries, Dictionary, Medicine, Medical Dictionaries",1817.0,,,,eng,open_library,humans_and_nature,human nature connection
/works/OL35495999W,"Literature. The Human Experience, Reading and Writing--Twelfth Edition","Richard Abcarian, Marvin Klotz, Samuel Cohen, Chimamanda Ngozi Adichie, Kate Chopin",,"freedom, selfhood, self-fulfilment, meaning of love, short story",2015.0,,,9781319088125,eng,open_library,humans_and_nature,human nature connection
/works/OL31045502W,Humanity's Connection to the Natural World,"Sadie Shorr-Parks, Brian Stout",,,2020.0,,,9798556457805,eng,open_library,humans_and_nature,human nature connection
/works/OL13776751W,Planning connections,N. J. Pointner,,"City planning, Case studies, Urban renewal, Sustainable urban development",2008.0,,,9781438907994,eng,open_library,humans_and_nature,human nature connection
/works/OL8002905W,The primordial bond,Stephen H. Schneider,,"Human ecology, Humanities, Philosophy, Philosophy of nature, Science",1981.0,,,1468410571,eng,open_library,humans_and_nature,human nature connection
/works/OL2672901W,Awakening to Nature,Charles Cook,,"Natural history, Human ecology, Nature",2001.0,,,9780809223992,eng,open_library,humans_and_nature,human nature connection
/works/OL3342230W,The primordial bond,Stephen Henry Schneider,,"Philosophy of nature, Human ecology, Humanities, Science",1981.0,,,9780306405198,eng,open_library,humans_and_nature,human nature connection
/works/OL1906389W,Earth signs,Grey Wolf,,"Medicine wheels, Effect of the moon on, Miscellanea, Human beings, Indian astrology",1998.0,,,1579540465,eng,open_library,humans_and_nature,human nature connection
/works/OL1824964W,The voice of the infinite in the small,Joanne Elizabeth Lauck,,"Insects as a reflection of divinity, Human-animal relationships, Insects, Nature, Psychological aspects, Psychological aspects of insects, Mantis as the oldest image of God, Religious aspects, Religious aspects of Human-animal relationships, Religious aspects of Insects, Effect of human beings on",1998.0,,,9788988613108,eng,open_library,humans_and_nature,human nature connection
/works/OL26509611W,"Connection to Nature, Deep Ecology, and Conservation Social Science","Christian Diehm, Holmes Rolston III",,Human ecology,2020.0,,,1793624224,eng,open_library,humans_and_nature,human nature connection
/works/OL36258062W,Human Natural Form : a Close Connection with Intellect,Dimple Genis,,,2021.0,,,9798729610945,eng,open_library,humans_and_nature,human nature connection
/works/OL37481249W,Connect Access Card for Personality Psychology,"Randy Larsen, David Buss",,,2014.0,,,1259956032,eng,open_library,humans_and_nature,human nature connection
/works/OL26455875W,Earth changes and the human-cosmic connection,Pierre Lescaudron,,"Earth sciences, Natural disasters, Cosmology, Metaphysics, Effect of human beings on",2014.0,,,9781897244975,eng,open_library,humans_and_nature,human nature connection
/works/OL9337179W,Loneliness,John T. Cacioppo,,"Loneliness, Neuropsychology, Physiological aspects, Physiological aspects of Loneliness",2008.0,,,0393061701,eng,open_library,humans_and_nature,human nature connection
/works/OL16132869W,Patanjali yoga sutras,Ravi Shankar,,Yoga,2010.0,0.0,0.0,9380592817,eng,open_library,yoga_philosophy,Yoga Sutras Patanjali
/works/OL300151W,Yogasūtra,Patañjali.,,"Early works to 1800, Hindu Philosophy, Sankhya, Yoga, Yogasūtra (Patañjali), Patañjali, Yoga--early works to 1800, B132.y6 p267 1989, 181/.452",1890.0,0.0,0.0,0892812621,lat,open_library,yoga_philosophy,Yoga Sutras Patanjali
/works/OL7467995W,Yoga sutras,Patanjali.,,Yoga,1930.0,,,9780874810103,und,open_library,yoga_philosophy,Yoga Sutras Patanjali
/works/OL262819W,Light on the Yoga Sutras of Patanjali,B. K. S. Iyengar,,"Commentaries, Sutras, Yoga, Yōga (Japanese painting styles), Yogasūtra (Patañjali), History, Philosophy, Doctrinal Theology, Patanjali, Homeopathy",1993.0,,,0007145160,eng,open_library,yoga_philosophy,Yoga Sutras Patanjali
/works/OL8163325W,Patanjali Yoga Sutras,Swami Prabhavananda,,"Yoga, Truth, Reality, Illusion, Psychology, Physiology, Wisdom, Unification, Universality, Philosophy, Well-Being, Happiness",1953.0,5.0,1.0,8178231085,eng,open_library,yoga_philosophy,Yoga Sutras Patanjali
/works/OL30067202W,Yoga-Sutra,Kalashatra Govinda,,,2018.0,,,1719988080,ger,open_library,yoga_philosophy,Yoga Sutras Patanjali
/works/OL20214983W,The Yoga Sutras of Patanjali,Patanjali,,"Yoga, Early works to 1800, Yoga, raja",1963.0,,,1983668362,eng,open_library,yoga_philosophy,Yoga Sutras Patanjali
/works/OL264342W,Yoga,Bhagwan Rajneesh,,,1976.0,,,9788172611668,spa,open_library,yoga_philosophy,Yoga Sutras Patanjali
/works/OL3264168W,The yoga sutras of Patanjali,Satchidananda Swami.,,"Yoga, Yoga, Rāja",1990.0,5.0,1.0,9780932040381,eng,open_library,yoga_philosophy,Yoga Sutras Patanjali
/works/OL10724938W,How to know God,Patañjali.,,"Early works to 1800, Yoga, Experience (Religion), God, Knowableness, Spiritual life",1969.0,,,392273149X,hin,open_library,yoga_philosophy,Yoga Sutras Patanjali
/works/OL15156987W,Yoga-sutras,Patañjali Philosoph,,"Early works to 1800, Yoga",1986.0,,,9780893890926,san,open_library,yoga_philosophy,Yoga Sutras Patanjali
/works/OL7467988W,The Yoga-Sútra of Patañjali,Patanjali.,,"Yoga, Early works to 1800",1979.0,,,9780712909150,san,open_library,yoga_philosophy,Yoga Sutras Patanjali
/works/OL262820W,Tree of Yoga,B. K. S. Iyengar,,"Yoga, Philosophy",1988.0,4.5,2.0,0007493282,fre,open_library,yoga_philosophy,Yoga Sutras Patanjali
/works/OL39731762W,Yoga Sutras of Patanjali,Charles Johnston,,,2012.0,,,9781480184237,eng,open_library,yoga_philosophy,Yoga Sutras Patanjali
/works/OL24381891W,Yoga Sastra,Patañjali,,,1897.0,,,0343617498,eng,open_library,yoga_philosophy,Yoga Sutras Patanjali
/works/OL29227593W,Yoga Sutras of Patanjali,"Charles Johnston, Christopher Harding",,,2013.0,,,9798557710763,eng,open_library,yoga_philosophy,Yoga Sutras Patanjali
/works/OL348817W,"Yoga, the art of integration",Rohit Mehta,,"Early works to 1800, Yoga",1975.0,,,9788170593713,eng,open_library,yoga_philosophy,Yoga Sutras Patanjali
/works/OL41336205W,Patanjali's Yoga Sutras,"Swami Swami Vivekanand, Uday Bhattacharyya",,,2017.0,5.0,1.0,154838495X,eng,open_library,yoga_philosophy,Yoga Sutras Patanjali
/works/OL8708299W,The Yoga Sutras of Patanjali,Sri S. Satchidananda,,,1990.0,,,9780932040381,eng,open_library,yoga_philosophy,Yoga Sutras Patanjali
/works/OL13654174W,The Yoga sutras of Patañjali,Edwin F. Bryant,,"Yoga, Yogasūtra (Patañjali), Patanjali, Yoga, raja",2009.0,,,9780865477360,san,open_library,yoga_philosophy,Yoga Sutras Patanjali
/works/OL29652747W,Yoga Sutras of Patanjali,Swami Vivekananda,,,2012.0,,,9781982951153,eng,open_library,yoga_philosophy,Yoga Sutras Patanjali
/works/OL20461429W,The Yoga Sutras Of Patanjali,Alistair Shearer,,Yoga,2010.0,,,9781846042836,eng,open_library,yoga_philosophy,Yoga Sutras Patanjali
/works/OL30556393W,Patanjali Yoga Sutras,Swami Vivekananda,,,2020.0,,,9798612017837,eng,open_library,yoga_philosophy,Yoga Sutras Patanjali
/works/OL19665119W,The Yoga sutras of Patanjali,Patañjali,,"Early works to 1800, Yoga",1987.0,,,9798742051213,eng,open_library,yoga_philosophy,Yoga Sutras Patanjali
/works/OL28171549W,Yoga sutras of Patanjali,William Q. Judge,,Yoga,2005.0,,,9781840138665,eng,open_library,yoga_philosophy,Yoga Sutras Patanjali
/works/OL300150W,Yogasūtra. English,Patañjali.,,"Early works to 1800, Yoga, Sutras, Yoga--early works to 1800, B132.y6 p24313 2002, 181/.452",1949.0,,,9780722401293,eng,open_library,yoga_philosophy,Yoga Sutras Patanjali
/works/OL4646558W,Beyond The Siddhis,John McAfee,,"Self-realization, Yoga, Spiritual life, Hinduism",2001.0,3.5,2.0,9780971156937,eng,open_library,yoga_philosophy,Yoga Sutras Patanjali
/works/OL21334522W,Yoga Sutras of Patanjali,Charles Johnston,,,2013.0,,,0353575976,eng,open_library,yoga_philosophy,Yoga Sutras Patanjali
/works/OL35778796W,Patanjali's Yoga Sutras,Swami Vivekananda,,,2019.0,,,9781648373930,eng,open_library,yoga_philosophy,Yoga Sutras Patanjali
/works/OL8927944W,Yoga Sutras of Patanjali,Mukunda Stiles,,,2001.0,,,1609254570,eng,open_library,yoga_philosophy,Yoga Sutras Patanjali
/works/OL9083388W,"The Holy Vedas ; Rig Veda, Yajur Veda, Sama Veda, Atharva Veda",Dipavali,,,2004.0,,,8176464430,eng,open_library,yoga_philosophy,Vedas
/works/OL34079647W,Rig-Veda,Hermann Grassmann,,,2022.0,4.5,2.0,9781021611833,ger,open_library,yoga_philosophy,Vedas
/works/OL1770644W,The Vedas,Ralph T. H. Griffith,,Vedas,2003.0,,,1456506250,eng,open_library,yoga_philosophy,Vedas
/works/OL6897236W,Atharva vēda,C. G. Purushothama,,"Criticism, interpretation, Vedas. Atharvaveda",1967.0,2.0,1.0,,kan,open_library,yoga_philosophy,Vedas
/works/OL8298228W,"Der Rig-Veda, Part IV, Index",Vedas,,"Music, indic",1957.0,,,9780674769670,eng,open_library,yoga_philosophy,Vedas
/works/OL13313627W,Hymns to the mystic fire,Vedas. Rigveda,,"Ghose, Aurobindo, 1872-1950",1952.0,5.0,1.0,,eng,open_library,yoga_philosophy,Vedas
/works/OL8720692W,Rig-Veda Sanhita,"H. H. Wilson, Edward B. Cowell, William Frederick Webster",,Hindu hymns,1850.0,,,1021412651,eng,open_library,yoga_philosophy,Vedas
/works/OL18092787W,Rig-veda,Hermann Grassmann,,,1876.0,,,,ger,open_library,yoga_philosophy,Vedas
/works/OL11500W,The religion and philosophy of the Veda and Upanishads,Arthur Berriedale Keith,,"Criticism, interpretation, Hindu Philosophy, Religion, Upanishads, Vedas, India, religion, Filosofía hindú, Religión",1925.0,,,0837144760,eng,open_library,yoga_philosophy,Vedas
/works/OL29647567W,Vedas,"sama, yajur, atharva, acharya rig",,,2016.0,,,1520207441,eng,open_library,yoga_philosophy,Vedas
/works/OL5764868W,Building architecture of Sthāpatya Veda,V. Ganapathi,,"Domestic Architecture, Hindu Architecture, House construction, Vāstu, Hindu architecture",2001.0,,,,eng,open_library,yoga_philosophy,Vedas
/works/OL7762297W,Vedic hymns,Vedas. Ṛgveda.,,Sanskrit Hymns,1923.0,3.0,1.0,,san,open_library,yoga_philosophy,Vedas
/works/OL1630023W,The religion of the Veda =,Hermann Oldenberg,,"Doctrines, Hinduism, Criticism, interpretation, Vedas, Critique, interprétation, Hindouisme",1903.0,,,9781017779226,eng,open_library,yoga_philosophy,Vedas
/works/OL23672687W,The Vēdas,,,,1999.0,,,1893152006,eng,open_library,yoga_philosophy,Vedas
/works/OL3292141W,Nasty Nature (Horrible Science),Nick Arnold,,"Miscellanea, Questions and answers, Juvenile literature, Nature, Children's fiction, Horror stories",1998.0,4.0,1.0,8025201309,eng,open_library,yoga_philosophy,Vedas
/works/OL18866723W,The Holy Vedas,Bibek Debroy,,Vedas,2001.0,,,8170182195,eng,open_library,yoga_philosophy,Vedas
/works/OL24364471W,The Rig Veda,"Anonymous, Ralph T. H. Griffith",,,2013.0,,,9781514218969,eng,open_library,yoga_philosophy,Vedas
/works/OL5979130W,Human Physiology,Tony Nader,,"Criticism, interpretation, Hinduism and science, Human physiology, Vedas, Vedic literature",1995.0,5.0,2.0,9788175230170,eng,open_library,yoga_philosophy,Vedas
/works/OL24486499W,The Atharvaveda,Maurice Bloomfield,,,1899.0,,,1549665448,guj,open_library,yoga_philosophy,Vedas
/works/OL14908914W,The Rig Veda,"Anonymous, Wendy Doniger",,"Vedas, Criticism, interpretation, Fiction, general, Hindoeïsme, Hymnes hindoues, Mythologie hindoue, Sacred books, Hindu philosophy, Hindu hymns, Rgveda, Hinduism, Indic literature, Vedas, rgveda",1981.0,4.0,1.0,9780141923987,eng,open_library,yoga_philosophy,Vedas
/works/OL20954432W,Atharva-Veda-Saṁhitā,William Dwight Whitney,,,1971.0,,,,eng,open_library,yoga_philosophy,Vedas
/works/OL22492394W,The Vedas and Upanishads for Children,Roopa Pai,,,2019.0,4.0,1.0,9789351952961,eng,open_library,yoga_philosophy,Vedas
/works/OL1497719W,Sanskrit Grammar,William Dwight Whitney,,"Sanskrit language, Grammar, Sanskrit language, grammar",1879.0,,,0781299659,eng,open_library,yoga_philosophy,Vedas
/works/OL5345986W,Rig Veda,J. K. Trikha,,"Criticism, interpretation, Vedas",1981.0,,,,eng,open_library,yoga_philosophy,Vedas
/works/OL297100W,Sciences in the Vedas,Vaidyanath Shastri,,"Criticism, interpretation, Religion and science, Vedas",1970.0,,,,eng,open_library,yoga_philosophy,Vedas
/works/OL310464W,The Vedas,F. Max Müller,,Vedas,1969.0,,,,eng,open_library,yoga_philosophy,Vedas
/works/OL19001617W,Rig Veda,"Barend A. van Nooten, Gary B. Holland, Barend Van Nooten, Gary Holland",,"Hinduism, Sacred texts, Religion, Hinduism (Sacred Texts), Literature - Classics / Criticism, Indic, East Indo-European & Dravidian Languages, Language, General, Hinduism - General, Literary Criticism & Collections / General, Vedic literature, Hymns, sanskrit",1994.0,,,9780674769717,san,open_library,yoga_philosophy,Vedas
/works/OL9090158W,The Holy Vedas,Pandit Satyakam Vidyalankar,,,1972.0,,,8193935594,eng,open_library,yoga_philosophy,Vedas
/works/OL17346002W,"Rig-veda, oder, Die heiligen lieder der Brahmanen","F. Max Müller, D. 1387 Syaa",,,1849.0,,,1016450516,san,open_library,yoga_philosophy,Vedas
/works/OL9601333W,Sam-Veda Sanhita,Samaveda Vedas,,,1978.0,,,9780896841604,,open_library,yoga_philosophy,Vedas
/works/OL20393863W,The Upanishads,Swami Paramananda,,,2004.0,,,9781521509142,eng,open_library,yoga_philosophy,Upanishads
/works/OL27074063W,Upanishads,Acharya Prashant,,,2020.0,5.0,1.0,1636333982,eng,open_library,yoga_philosophy,Upanishads
/works/OL24405478W,The Upanishads. Tr. by F.M. Müller,Upanishads,,,2018.0,,,0344242080,eng,open_library,yoga_philosophy,Upanishads
/works/OL12527613W,Eight Upanishads,UPANISHADS.,,,1957.0,5.0,1.0,,eng,open_library,yoga_philosophy,Upanishads
/works/OL36762636W,Ghar Ghar Upanishad,Acharya Prashant,,,2022.0,5.0,1.0,,,open_library,yoga_philosophy,Upanishads
/works/OL17037355W,The Upanishads,Juan Mascaró,,"Upanisaden, Sanskrit literature, Sacred books, Hindu philosophy, Upanishads, Mysticism, Hinduism",1965.0,,,,eng,open_library,yoga_philosophy,Upanishads
/works/OL11500W,The religion and philosophy of the Veda and Upanishads,Arthur Berriedale Keith,,"Criticism, interpretation, Hindu Philosophy, Religion, Upanishads, Vedas, India, religion, Filosofía hindú, Religión",1925.0,,,0837144760,eng,open_library,yoga_philosophy,Upanishads
/works/OL37707477W,Twenty-Eight Upanishads (Îsha & Others).,Upanishads Upanishads,,,2023.0,,,9781021182425,san,open_library,yoga_philosophy,Upanishads
/works/OL2091331W,Philosophie der Upanishad's,Paul Deussen,,"Criticism, interpretation, Upanishads, Upansihads, Philosophy, Hindu philosophy, Hinduism, Doctrines",1906.0,4.0,1.0,9780766154704,eng,open_library,yoga_philosophy,Upanishads
/works/OL27861284W,Ishavasya Upanishad,Acharya Prashant,,,2020.0,,,9781636334554,eng,open_library,yoga_philosophy,Upanishads
/works/OL27865431W,Mundaka Upanishad,Acharya Prashant,,,2021.0,,,1685235522,eng,open_library,yoga_philosophy,Upanishads
/works/OL12882728W,The Upanishads,"Juan Mascaró, Anonymous",,"Upanishads, Brahmanism, Vedic literature, Hinduism, Spiritual life, Upanisaden, Theology, Introductions, Hindu philosophy, Sacred books, Mysticism, Sanskrit literature",1965.0,5.0,1.0,9780140441635,eng,open_library,yoga_philosophy,Upanishads
/works/OL27865446W,Niralamba Upanishad,Acharya Prashant,,,2021.0,,,9781685238889,eng,open_library,yoga_philosophy,Upanishads
/works/OL27861890W,Niralamba Upanishad (Vol 1),Acharya Prashant,,,2021.0,,,1638732639,eng,open_library,yoga_philosophy,Upanishads
/works/OL8080582W,The Upanishads,F. Max Müller,,,1879.0,,,8189297333,eng,open_library,yoga_philosophy,Upanishads
/works/OL264642W,The Upanishads,Anonymous,,"Philosophy, Spiritual, Knowledge, Wisdom, Mystical, Universal, Truth, Meditation, Upanishads",1957.0,,,9780140447491,eng,open_library,yoga_philosophy,Upanishads
/works/OL27861902W,Mandukya Upanishad,Acharya Prashant,,,2021.0,,,1638737452,eng,open_library,yoga_philosophy,Upanishads
/works/OL8163339W,The Upanishads,Swami Prabhavananda,,"Advaita Vedanta, Hinduism, Hindu Scriptures and commentary, Criticism, interpretation, Upanishads, God (Hinduism)",1957.0,3.0,1.0,0451609212,eng,open_library,yoga_philosophy,Upanishads
/works/OL5864376W,Upanishads,Swami Paramananda,,,1981.0,,,0911564020,eng,open_library,yoga_philosophy,Upanishads
/works/OL15892579W,The Upanishads,"Eknath Easwaran, Michael N. Nagler",,"Doctrines, Texts, Buddhism, Upanishads",1987.0,,,0915132400,san,open_library,yoga_philosophy,Upanishads
/works/OL18068366W,The Upanishads,,,"Sanskrit literature, Translations into English",1919.0,,,,eng,open_library,yoga_philosophy,Upanishads
/works/OL16275093W,Upaniṣads,Patrick Olivelle,,"Hinduism, Sacred books, Upanishads, Scriptures, Vedic literature",2008.0,,,9780199540259,eng,open_library,yoga_philosophy,Upanishads
/works/OL518455W,Dialogue with death,Eknath Easwaran,,"Criticism, interpretation, Hinduism, Spiritual life, Upanishads, Death, Death, psychological aspects, Personality, Spirituality",1981.0,,,9780915132737,eng,open_library,yoga_philosophy,Upanishads
/works/OL8614817W,The Upanishads,Aurobindo Ghose,,,1981.0,,,9788170580034,eng,open_library,yoga_philosophy,Upanishads
/works/OL20991966W,Upanishads,"Swami Prabhavananda, Frederick Manchester",,"Spiritual life, hinduism, Hindu philosophy, Islamic religion",1957.0,,,9780451528483,eng,open_library,yoga_philosophy,Upanishads
/works/OL22492394W,The Vedas and Upanishads for Children,Roopa Pai,,,2019.0,4.0,1.0,9789351952961,eng,open_library,yoga_philosophy,Upanishads
/works/OL8659960W,Upanishads,Nikhilananda,,,1986.0,,,0911206159,eng,open_library,yoga_philosophy,Upanishads
/works/OL34965590W,The Upanishads,"Jacob Needleman, Eknath Easwaran",,,1999.0,,,9781586380250,eng,open_library,yoga_philosophy,Upanishads
/works/OL40010148W,Upanishads,Lahiri Mahasaya,,,2013.0,,,9781496096746,eng,open_library,yoga_philosophy,Upanishads
/works/OL8659958W,Upanishads,Nikhilananda,,,1990.0,,,9780911206166,eng,open_library,yoga_philosophy,Upanishads
/works/OL264706W,Bhagavad-Gita,Vyasa,,"Hinduism, Sacred books, Bhagavadgītā, Bhagavadgita, Hindu literature, Religion",1944.0,4.0,7.0,9781420928006,eng,open_library,yoga_philosophy,Bhagavad Gita
/works/OL18334989W,The Bhagavad gita,Juan Mascaró,,"Hinduism, Sacred books, Translations into English, Sanskrit literature, Hinduism, doctrines",2003.0,4.0,8.0,0140449183,eng,open_library,yoga_philosophy,Bhagavad Gita
/works/OL10617761W,Shrimad Bhagvat,Karsandas Manek,,,1991.0,3.8888888,9.0,,eng,open_library,yoga_philosophy,Bhagavad Gita
/works/OL194621W,The Bhagavad-Gita,Edwin Arnold,,,2002.0,5.0,1.0,1588278530,eng,open_library,yoga_philosophy,Bhagavad Gita
/works/OL4301665W,Bhagavad Gita,Stephen Mitchell,,"Bhagavadgītā, Nonfiction, Religion & Spirituality, Hinduism, Bhagavadgita",2000.0,4.0,1.0,9780307419897,eng,open_library,yoga_philosophy,Bhagavad Gita
/works/OL8622520W,Bhagavad-Gita As It Is,A. C. Bhaktivedanta Swami Srila Prabhupada,,,1988.0,,,9780892133383,eng,open_library,yoga_philosophy,Bhagavad Gita
/works/OL528084W,The Bhagavad Gita,Yogananda Paramahansa,,"Bhagavadgītā, English Paraphrases, Commentaries, Spiritual, Yoga, SRF, Bhagavad Gita",1995.0,5.0,1.0,9789383203666,hin,open_library,yoga_philosophy,Bhagavad Gita
/works/OL19321313W,भगवद्गीता,Vyasa,,Bhagavadgita,1986.0,4.0,1.0,158638130X,eng,open_library,yoga_philosophy,Bhagavad Gita
/works/OL4094205W,Paths to god,Ram Dass.,,"Criticism, interpretation, Yoga, Bhagavadgītā, Bhagavadgita, Bhagavadgita?",2004.0,5.0,1.0,9781400054039,eng,open_library,yoga_philosophy,Bhagavad Gita
/works/OL25773442W,Bhagavad Gita,Ranchor Prime,,Spirituality,2003.0,,,9780956184610,eng,open_library,yoga_philosophy,Bhagavad Gita
/works/OL17910458W,Bhagavad Gītā,Antonio T. De Nicolas,,Bhagavadgita,1990.0,,,9780892540181,eng,open_library,yoga_philosophy,Bhagavad Gita
/works/OL8347641W,The Bhagavad Gita,Yogi Ramacharaka,,,1978.0,,,9686733655,eng,open_library,yoga_philosophy,Bhagavad Gita
/works/OL8622543W,Bhagavad-Gita As It Is,A. C. Bhaktivedanta Swami Srila Prabhupada,,,1920.0,,,0892133392,eng,open_library,yoga_philosophy,Bhagavad Gita
/works/OL12936217W,Shrimad bhagvad gita,Bhagavad Gita.,,,,,,,guj,open_library,yoga_philosophy,Bhagavad Gita
/works/OL15159120W,The Bhagavad Gita,W. J. Johnson,,"Hinduism, Scriptures, Bhagavadgita",1994.0,5.0,1.0,0192829521,eng,open_library,yoga_philosophy,Bhagavad Gita
/works/OL16477193W,The Bhagavad gita,Juan Mascaró,,"Hinduism, Sacred books, Religion",1962.0,,,,eng,open_library,yoga_philosophy,Bhagavad Gita
/works/OL1776301W,Srīmad Bhagavad-gītā,"Praśānta Guptā, Vyass Veda, Dreamland",,"Bhagavadgītā, Hindi Paraphrases, Paraphrases, Hindi, Hinduism",1996.0,,,9788173012365,hin,open_library,yoga_philosophy,Bhagavad Gita
/works/OL29247376W,Bhagavad Gita,A.C. Bhaktivendanta Swami Prabhupada,,,2016.0,,,938598618X,,open_library,yoga_philosophy,Bhagavad Gita
/works/OL23534838W,Bhagavad Gītā,Purohit Swami,,,1994.0,,,9780877739753,eng,open_library,yoga_philosophy,Bhagavad Gita
/works/OL16477878W,The Bhagavad-gita,Barbara Stoler Miller,,Bhagavadgita,1991.0,,,0553353403,eng,open_library,yoga_philosophy,Bhagavad Gita
/works/OL5800799W,Illuminations from the Bhagavad-gĩtã,"Kim Murray, Kim Waters, Chris Murray",,"Bhagavadgītā, Illustrations, Indic Illumination of books and manuscripts, Bhagavad-gı̄tā, Hinduism, Religion - World Religions, Religion, Hinduism - General, Juvenile Nonfiction / Religion / Eastern, Bhagavadgåitåa, Bhagavadgita, Illumination of books and manu, Illumination of books and manuscripts, Indic",1980.0,,,1886069328,eng,open_library,yoga_philosophy,Bhagavad Gita
/works/OL2606695W,Bhagavad Gita (Harvard Oriental),Franklin Edgerton,,"Bhagavadgītā, Bhagavadgita, Bhagavad Gita, Sanskrit literature",1925.0,,,9780061301155,eng,open_library,yoga_philosophy,Bhagavad Gita
/works/OL9866296W,Bhagavad Gita,Anonymous,,"Hinduism, Sacred books, Libros sagrados, Hinduísmo",1963.0,,,0141902671,eng,open_library,yoga_philosophy,Bhagavad Gita
/works/OL8006716W,The Bhagavad-Gita,Barbara Stoler Miller,,"Nonfiction, Philosophy",1986.0,4.0,1.0,0553900390,eng,open_library,yoga_philosophy,Bhagavad Gita
/works/OL275864W,Bhagavad Gita,Graham M. Schweig,,"Nonfiction, Religion & Spirituality, Bhagavadgītā, Bhagavadgita",2007.0,,,0061997307,eng,open_library,yoga_philosophy,Bhagavad Gita
/works/OL10420707W,Introduction to Bhagavad-gita,A. C. Bhaktivedanta Swami Srila Prabhupada,,,1968.0,,,0892132930,eng,open_library,yoga_philosophy,Bhagavad Gita
/works/OL29356352W,Bhagavad-Gita,Juan Mascaró,,Bhagavadgita,1970.0,,,9780091014209,eng,open_library,yoga_philosophy,Bhagavad Gita
/works/OL528091W,Songs of the soul,Yogananda Paramahansa,,"Poetry, Self-Realization Fellowship, Self-realization, Spiritual life",1923.0,5.0,1.0,0548082294,ger,open_library,yoga_philosophy,Bhagavad Gita
/works/OL20853170W,The Bhagavad Gita,"Gavin Flood, Charles Martin",,"Hinduism, sacred books, Bhagavadgita, Religion",2012.0,,,9780393523041,eng,open_library,yoga_philosophy,Bhagavad Gita
/works/OL339332W,Perennial psychology of the Bhagavad Gita,Rama Swami,,"Psychology, Bhagavadgītā, Textbooks, Psychology textbooks, Humanities textbooks, Commentaries, Bhagavadgita",1985.0,5.0,2.0,9780893890902,eng,open_library,yoga_philosophy,Bhagavad Gita
/works/OL18030193W,A Treatise on the Yoga Philosophy,N. C. Paul,,"yoga, yogi, Yoga",1851.0,,,9780524035320,eng,open_library,yoga_philosophy,yoga philosophy
/works/OL300151W,Yogasūtra,Patañjali.,,"Early works to 1800, Hindu Philosophy, Sankhya, Yoga, Yogasūtra (Patañjali), Patañjali, Yoga--early works to 1800, B132.y6 p267 1989, 181/.452",1890.0,0.0,0.0,0892812621,lat,open_library,yoga_philosophy,yoga philosophy
/works/OL311914W,Yoga philosophy,Swami Vivekananda,,Raja Yoga,1896.0,,,,eng,open_library,yoga_philosophy,yoga philosophy
/works/OL3759540W,The Inner Tradition of Yoga,Michael Stone,,"Yoga, Mind and body",2008.0,5.0,1.0,9781590305690,eng,open_library,yoga_philosophy,yoga philosophy
/works/OL16067270W,Yoga philosophy,Hereward Carrington,,Yoga,1923.0,5.0,1.0,,eng,open_library,yoga_philosophy,yoga philosophy
/works/OL30729746W,Pantajali's Yoga Philosophy,Sriram Ananthan,,,2020.0,,,9798689323831,eng,open_library,yoga_philosophy,yoga philosophy
/works/OL262820W,Tree of Yoga,B. K. S. Iyengar,,"Yoga, Philosophy",1988.0,4.5,2.0,0007493282,fre,open_library,yoga_philosophy,yoga philosophy
/works/OL58150W,The Yoga Tradition,Georg Feuerstein,,Yoga,1998.0,,,9788186505571,eng,open_library,yoga_philosophy,yoga philosophy
/works/OL21279129W,"Sūtras, Stories and Yoga Philosophy",Daniel Raveh,,"Patanjali, Hindu philosophy, Yoga, Philosophie hindoue, Yōga (Japanese painting styles), Yogasūtra (Patañjali)",2016.0,,,9781138638389,eng,open_library,yoga_philosophy,yoga philosophy
/works/OL25772439W,Introduction to Yoga Philosophy,"Ashok Kumar Malhotra, Patañjali",,Philosophy,2017.0,,,9781351958639,eng,open_library,yoga_philosophy,yoga philosophy
/works/OL20773569W,The Eight Limbs of Yoga,"Stuart Ray Sarbacker, Kevin Kimple, Christopher Key Chapple",,"Yoga, Philosophy, BODY, MIND & SPIRIT / Meditation, HEALTH & FITNESS / Yoga",2015.0,,,086547768X,eng,open_library,yoga_philosophy,yoga philosophy
/works/OL17687776W,Yoga philosophy,Swami Vivekananda,,Yoga,1896.0,,,,eng,open_library,yoga_philosophy,yoga philosophy
/works/OL6544894W,I-God,Gnanavallal Paranjothi Mahan,,"Kuṇḍalinī, Advaita, Hindu philosophy",1976.0,5.0,3.0,,eng,open_library,yoga_philosophy,yoga philosophy
/works/OL28472862W,Higher Psychical Development (Yoga Philosophy) an Outline of the Secret Hindu Teachings,Hereward Carrington,,,2018.0,,,9780341840084,eng,open_library,yoga_philosophy,yoga philosophy
/works/OL24381891W,Yoga Sastra,Patañjali,,,1897.0,,,0343617498,eng,open_library,yoga_philosophy,yoga philosophy
/works/OL34094431W,Yoga Philosophy,"Swami Vivekananda, Patañjali",,,1896.0,,,9781016450263,eng,open_library,yoga_philosophy,yoga philosophy
/works/OL10225314W,Introduction to the Yoga Philosophy,Rai Bahadur Srisa Chandra Vasu,,,2004.0,,,8121511224,,open_library,yoga_philosophy,yoga philosophy
/works/OL262819W,Light on the Yoga Sutras of Patanjali,B. K. S. Iyengar,,"Commentaries, Sutras, Yoga, Yōga (Japanese painting styles), Yogasūtra (Patañjali), History, Philosophy, Doctrinal Theology, Patanjali, Homeopathy",1993.0,,,0007145160,eng,open_library,yoga_philosophy,yoga philosophy
/works/OL29029944W,Yoga Philosophy and Practice,Shyam Mehta,,,2014.0,,,9781782221746,eng,open_library,yoga_philosophy,yoga philosophy
/works/OL24507305W,A Treatise on the Yoga Philosophy,N C Paul,,,2018.0,,,9780343634636,,open_library,yoga_philosophy,yoga philosophy
/works/OL18072440W,A Treatise on the Yoga Philosophy,N. C. Paul,,,1851.0,0.0,0.0,,ita,open_library,yoga_philosophy,yoga philosophy
/works/OL24386321W,A Treatise On The Yoga Philosophy / By N.c. Paul,N. C. Paul,,Yoga,1888.0,,,9780343571771,eng,open_library,yoga_philosophy,yoga philosophy
/works/OL24460802W,Yoga Sastra : The Yoga Sutras of Patenjali Examined,"John Murdoch, Patañjali Patañjali",,,2017.0,,,0342835432,eng,open_library,yoga_philosophy,yoga philosophy
/works/OL1067513W,Yoga philosophy in relation to other systems of Indian thought,"Dasgupta, Surendranath",,"Yoga, Philosophy, Indic, Philosophy, Hindu, Indic Philosophy, Hindu Philosophy",1930.0,,,,eng,open_library,yoga_philosophy,yoga philosophy
/works/OL25312705W,Yoga Philosophy,N. C. Paul,,"Health, Spirituality",2015.0,,,9781613422625,,open_library,yoga_philosophy,yoga philosophy
/works/OL26428003W,Exploring Yoga Philosophy,"Yogachariya Jnandev Giri, Yogacharini Deepika Saini",,,2017.0,,,9780992784188,,open_library,yoga_philosophy,yoga philosophy
/works/OL37640717W,Die Yoga-Philosophie Nach Dem Râjmârtanda,Paul Markus,,,2023.0,,,1021344591,ger,open_library,yoga_philosophy,yoga philosophy
/works/OL1098165W,Higher psychical development,Hereward Carrington,,"Occultism, Parapsychology, Yoga",1983.0,,,9780893706708,eng,open_library,yoga_philosophy,yoga philosophy
/works/OL3212802W,Pātañjala Yoga philosophy,Koichi Yamashita,,"Meditation, Hinduism, Yoga, Buddhism",1994.0,,,9788171020133,eng,open_library,yoga_philosophy,yoga philosophy
/works/OL21891106W,Yoga Philosophy,Mentes LIBRES,,,2019.0,,,9781675932285,eng,open_library,yoga_philosophy,yoga philosophy
/works/OL8957576W,Whoa-Ga! Eight Limbed Yoga for Horse/Rider Harmony,Cathy Kan'dala Reynolds,,,2006.0,,,1933002301,eng,open_library,yoga_way_of_life,eight limbs yoga
/works/OL20773569W,The Eight Limbs of Yoga,"Stuart Ray Sarbacker, Kevin Kimple, Christopher Key Chapple",,"Yoga, Philosophy, BODY, MIND & SPIRIT / Meditation, HEALTH & FITNESS / Yoga",2015.0,,,086547768X,eng,open_library,yoga_way_of_life,eight limbs yoga
/works/OL12435544W,Eight limbs of yoga,Yogani.,,Mind and body,2008.0,,,9780980052282,eng,open_library,yoga_way_of_life,eight limbs yoga
/works/OL29512527W,Eight Limbs of Yoga,Jack Utermoehl,,,2019.0,,,1797676652,eng,open_library,yoga_way_of_life,eight limbs yoga
/works/OL16698076W,The 8 limbs of yoga,Bhava Ram,,Yoga,2009.0,,,9781607259077,eng,open_library,yoga_way_of_life,eight limbs yoga
/works/OL25483265W,Eight Limbs of Yoga,Sagar Raghvani,,,2020.0,,,9798688710199,eng,open_library,yoga_way_of_life,eight limbs yoga
/works/OL45789520W,Eight Limbs of Yoga for Modern Times,Michelle S. Fondin,,Spirituality,2026.0,,,9798903303830,eng,open_library,yoga_way_of_life,eight limbs yoga
/works/OL36267850W,Path to Liberation : Understanding the Eight Limbs of Yoga,Niki Marozzi,,,2021.0,,,9798743448074,eng,open_library,yoga_way_of_life,eight limbs yoga
/works/OL27937591W,Fallen Star,Molly Chanson,,Mind and body,2022.0,,,9781956056303,eng,open_library,yoga_way_of_life,eight limbs yoga
/works/OL38276407W,Yoga Through Christ,"Sally Bassett Ph D, Tricia Wright",,,2017.0,,,9781635252279,eng,open_library,yoga_way_of_life,eight limbs yoga
/works/OL36285390W,Rethinking Alcohol Through the Eight Limbs of Yoga,Elizabeth Ross Hubbell,,Health,2023.0,,,1958711624,eng,open_library,yoga_way_of_life,eight limbs yoga
/works/OL36281408W,Eight Limbs of Yoga : a Holistic Guide for Daily Living,Anjelica Mahana,,,2021.0,,,9798743441655,eng,open_library,yoga_way_of_life,eight limbs yoga
/works/OL36294251W,Exploring the Eight Limbs of Yoga : a Guide to the Spiritual Practice of Yoga,Jamie Heagany,,,2021.0,,,9798743436309,eng,open_library,yoga_way_of_life,eight limbs yoga
/works/OL20250314W,Marine on the Mat,Rishi Eric Infanti,,,2016.0,,,1532808275,eng,open_library,yoga_way_of_life,eight limbs yoga
/works/OL40261955W,Eight Limbs of Yoga - the Structure and Pacing of Self-Directed Spiritual Practice (Arabic Translation),Yogani,,,2014.0,,,1497519969,ara,open_library,yoga_way_of_life,eight limbs yoga
/works/OL39765165W,Eight Limbs of Yoga - the Structure and Pacing of Self-Directed Spiritual Practice : (AYP Enlightenment Series),Yogani,,,2012.0,,,9781478343370,eng,open_library,yoga_way_of_life,eight limbs yoga
/works/OL13654174W,The Yoga sutras of Patañjali,Edwin F. Bryant,,"Yoga, Yogasūtra (Patañjali), Patanjali, Yoga, raja",2009.0,,,9780865477360,san,open_library,yoga_way_of_life,eight limbs yoga
/works/OL19737014W,The yoga mind,Rina Jakubowicz,,"Yoga, Philosophy, Mind and body, Physical fitness",2018.0,,,9781623159719,eng,open_library,yoga_way_of_life,eight limbs yoga
/works/OL19998508W,Do your om thing,Rebecca Pacheco,,"Spirituality, Well-being, Spiritual life, Yoga",2015.0,,,9780062273390,eng,open_library,yoga_way_of_life,eight limbs yoga
/works/OL15193399W,Harmony with the Movement of the Universe,Wayne F. Tourda Sensei,,,2009.0,,,0073538795,,open_library,yoga_way_of_life,eight limbs yoga
/works/OL27367982W,Sacred Kink,Lee Harrington,,"Spirituality, Self-help techniques, Sex, religious aspects",2009.0,,,1942733933,eng,open_library,yoga_way_of_life,eight limbs yoga
/works/OL186232W,Pranayama Yoga,Yogini Sunita,,"Yoga, Prânayâma",1966.0,,,9780950930008,eng,open_library,yoga_way_of_life,pranayama yoga
/works/OL3018485W,Light on prāṇāyāma,B. K. S. Iyengar,,"Breathing exercises, Hatha yoga, Yoga, Hinduism, sacred books, Prānāyāma",1981.0,4.0,1.0,2702013589,spa,open_library,yoga_way_of_life,pranayama yoga
/works/OL5701125W,Pranayama yoga,Dominique Lonchant,,,2000.0,,,9789747100969,eng,open_library,yoga_way_of_life,pranayama yoga
/works/OL10697286W,Pranayama yoga,Yogini Sunita,,,1966.0,,,,eng,open_library,yoga_way_of_life,pranayama yoga
/works/OL21914503W,Pranayama Yoga,Alain Jacques BOUGEAREL,,,2020.0,,,9798633498486,fre,open_library,yoga_way_of_life,pranayama yoga
/works/OL21957839W,Pranayama Yoga,Alain BOUGEAREL,,,2020.0,,,9798642387009,fre,open_library,yoga_way_of_life,pranayama yoga
/works/OL262820W,Tree of Yoga,B. K. S. Iyengar,,"Yoga, Philosophy",1988.0,4.5,2.0,0007493282,fre,open_library,yoga_way_of_life,pranayama yoga
/works/OL39177267W,Pranayama Yoga for Health and Happiness,Himadri Lahiry,,,2024.0,,,9798823088299,eng,open_library,yoga_way_of_life,pranayama yoga
/works/OL9899461W,Authentic Pranayama Yoga,Samarpananda Saraswati,,,2004.0,,,9783952204511,,open_library,yoga_way_of_life,pranayama yoga
/works/OL2093768W,Asana Pranayama Mudra Bandha,Satyananda Saraswati Swami,,Hatha yoga,1987.0,4.0,1.0,0949551147,eng,open_library,yoga_way_of_life,pranayama yoga
/works/OL40420413W,Pranayama Yoga Asana,Anand Gupta,,,2015.0,,,1522971327,eng,open_library,yoga_way_of_life,pranayama yoga
/works/OL41317084W,Die Atemkunst des Pranayama-Yoga,Rosina Sonnenschmidt,,,2018.0,,,9781984074621,ger,open_library,yoga_way_of_life,pranayama yoga
/works/OL3220436W,"Prana, Pranayama, Prana Vidya",Niranjanananda,,"Hatha yoga, Prânayâma",1994.0,,,9788185787848,eng,open_library,yoga_way_of_life,pranayama yoga
/works/OL25528681W,Art du Souffle,Alain BOUGEAREL,,,2021.0,,,9798507876471,fre,open_library,yoga_way_of_life,pranayama yoga
/works/OL36317028W,Pranayama Ayurvedic Breathing Exercises : Mental Benefits of Practicing Breath Control,Lorretta Thiemann,,,2021.0,,,9798747004368,eng,open_library,yoga_way_of_life,pranayama yoga
/works/OL470367W,Prânayâma,André van Lysebeth,,"Breathing exercises, Hatha yoga, Prânayâma",1971.0,,,0041490509,fre,open_library,yoga_way_of_life,pranayama yoga
/works/OL5712958W,Breathing life,Coudoux Yogi.,,"Health aspects, Health aspects of Yoga, Respiration, Self-care, Health, Yoga",2004.0,,,1592090516,eng,open_library,yoga_way_of_life,pranayama yoga
/works/OL10697285W,The art of relaxation,Yogini Sunita,,,1972.0,,,,eng,open_library,yoga_way_of_life,pranayama yoga
/works/OL10424321W,"Asana, pranayama, mudra, bandha",Satyananda Saraswati Swami,,,1973.0,,,,eng,open_library,yoga_way_of_life,pranayama yoga
/works/OL7194613W,Pranayama,Anandanand Swami.,,"Hatha yoga, Prânayâma",1972.0,,,,eng,open_library,yoga_way_of_life,pranayama yoga
/works/OL392270W,"The secrets of Prana, Pranayama & Yoga-asanas",Narayanananda Swami.,,"Prânayâma, Yoga",1979.0,5.0,1.0,8787571684,eng,open_library,yoga_way_of_life,pranayama yoga
/works/OL6227388W,Kumbhaka paddhati of Raghuvira,"Raghuvīra Audīcya., M.L. Gharote, Devnath Parimal, B. K. S. Iyengar",,"Hatha yoga, Prâ̂nayâma, Oriental & Indian philosophy, Yoga for exercise, Prānāyāma",2000.0,3.0,1.0,9788190117654,eng,open_library,yoga_way_of_life,pranayama yoga
/works/OL5740460W,The Yoga of Breath,Richard Rosen,,"Breathing exercises, Hatha yoga",2002.0,,,1570628890,eng,open_library,yoga_way_of_life,pranayama yoga
/works/OL35746198W,5 S of Yoga,Newbee Publication,,,2021.0,,,9798595822893,eng,open_library,yoga_way_of_life,pranayama yoga
/works/OL16945960W,Prana and pranayama,Niranjanananda Paramahansa,,,2010.0,4.5,2.0,8186336796,eng,open_library,yoga_way_of_life,pranayama yoga
/works/OL13384143W,The correction of breathing difficulties by yoga pranayama,Swami Gitananda,,"Yoga, Respiration",1972.0,,,,eng,open_library,yoga_way_of_life,pranayama yoga
/works/OL29202087W,Yoga Teachers Manual of Pranayama,Srikanth s,,,2022.0,,,9798849122274,eng,open_library,yoga_way_of_life,pranayama yoga
/works/OL18667517W,Teaching yoga,Mark Stephens,,"Teaching, Study and teaching, Yoga, Methods",2009.0,,,9781556438851,eng,open_library,yoga_way_of_life,pranayama yoga
/works/OL27748271W,Science of pranayama,Sivananda Saraswati,,Yoga,1967.0,,,,eng,open_library,yoga_way_of_life,pranayama yoga
/works/OL5740458W,Pranayama Beyond the Fundamentals,Richard Rosen,,"Hatha yoga, Breathing exercises, Prânayâma",2006.0,,,9781590302989,eng,open_library,yoga_way_of_life,pranayama yoga
/works/OL3846169W,The complete yoga book,James Hewitt,,"Hatha yoga, Yoga",1978.0,5.0,1.0,9780805205923,eng,open_library,yoga_way_of_life,meditation yoga
/works/OL1079127W,Meditations,Ram Swarup,,"Yoga, Hinduism, Meditation, Tantric Buddhism, Buddhism, Philosophy",2000.0,,,8185990646,eng,open_library,yoga_way_of_life,meditation yoga
/works/OL262820W,Tree of Yoga,B. K. S. Iyengar,,"Yoga, Philosophy",1988.0,4.5,2.0,0007493282,fre,open_library,yoga_way_of_life,meditation yoga
/works/OL11752W,Meditation,Bhagwan Rajneesh,,"Meditation, Yoga, Kuṇḍalini",1970.0,1.0,2.0,0060905298,eng,open_library,yoga_way_of_life,meditation yoga
/works/OL9441299W,Patanjali's Meditation Yoga,Vyn Bailey,,"Meditation, Yoga",1998.0,,,9780731806485,eng,open_library,yoga_way_of_life,meditation yoga
/works/OL15845511W,Tibetan yoga,Bernard Bromage,,"Religion, Yoga, Buddhism, Tantric Buddhism",1952.0,,,1428674845,eng,open_library,yoga_way_of_life,meditation yoga
/works/OL6553363W,Meditation Yoga,Masahiro Oki,,,1900.0,,,0870404350,eng,open_library,yoga_way_of_life,meditation yoga
/works/OL4094212W,Journey of awakening,"Ram Dass., Ram Dass",,"Meditation, Kuṇḍalinī, Hinduism, Yoga, Consciousness, Mediation and conciliation, industrial",1978.0,5.0,3.0,9780553285727,eng,open_library,yoga_way_of_life,meditation yoga
/works/OL41831556W,Breathe. Live. Be : Journal Blank Lined 6X9 Yoga Meditation,Yoga Meditation Yoga Meditation Journals,,,2018.0,,,1726385949,eng,open_library,yoga_way_of_life,meditation yoga
/works/OL30334571W,Meditation Yoga Coloring Book,Creative Publishing Press,,,2019.0,,,9781707144884,eng,open_library,yoga_way_of_life,meditation yoga
/works/OL34202095W,"Meditation, Yoga and the Secret Mystic Powers of Consciousness",Brian Evans,,,2021.0,,,9798457329584,eng,open_library,yoga_way_of_life,meditation yoga
/works/OL29554847W,Adult Creative Coloring Mandalas,"Meditation Yoga, Suu design",,,2019.0,,,9781795704816,eng,open_library,yoga_way_of_life,meditation yoga
/works/OL25426482W,Mindful Pregnancy,Tracy Donegan,,,2020.0,,,1465490442,eng,open_library,yoga_way_of_life,meditation yoga
/works/OL20747704W,Mindful Pregnancy,,,"Pregnancy, Gynecology",2020.0,,,0241410517,eng,open_library,yoga_way_of_life,meditation yoga
/works/OL7957464W,Yoga Nidra,Richard Miller,,"Meditations, Yoga",2005.0,,,1591793793,eng,open_library,yoga_way_of_life,meditation yoga
/works/OL29824964W,Power of Meditative Yoga,Shawn Tham,,,2019.0,,,9781797076492,eng,open_library,yoga_way_of_life,meditation yoga
/works/OL30315988W,Meditation Yoga Coloring Book for Kids,Creative Publishing Press,,,2019.0,,,9781707143764,eng,open_library,yoga_way_of_life,meditation yoga
/works/OL30425314W,Meditation Yoga Coloring Book for Adults,Creative Publishing Press,,,2019.0,,,9781707141715,eng,open_library,yoga_way_of_life,meditation yoga
/works/OL30425316W,Meditation Yoga Coloring Book for Children,Creative Publishing Press,,,2019.0,,,9781707142798,eng,open_library,yoga_way_of_life,meditation yoga
/works/OL30355084W,Meditation Yoga Coloring Book,Printopia Press,,,2019.0,,,9781709354793,eng,open_library,yoga_way_of_life,meditation yoga
/works/OL29766447W,New Dimensions of Meditation-Yoga,"NAGARATH, Manoj SRIVASTAVA",,,2019.0,,,1793831254,eng,open_library,yoga_way_of_life,meditation yoga
/works/OL30427261W,Meditation Yoga Coloring Book,Print Point Press,,,2019.0,,,1709354879,eng,open_library,yoga_way_of_life,meditation yoga
/works/OL9087936W,Meditation Yoga for Spiritual Discipline,Acharaya Bhagwan Dev,,,2002.0,,,9788171825370,,open_library,yoga_way_of_life,meditation yoga
/works/OL30529446W,"Kinder Bewegen - Tanz, Meditation, Yoga",Susan Kramer,,,2020.0,,,9798608568275,ger,open_library,yoga_way_of_life,meditation yoga
/works/OL15398542W,Meditations on Yoga by Osho (Osho Meditations),Bhagwan Rajneesh,,,1997.0,,,1559274301,eng,open_library,yoga_way_of_life,meditation yoga
/works/OL16442230W,The mindful way through pregnancy,Susan Piver,,"BODY, MIND & SPIRIT / Healing / General, HEALTH & FITNESS / Pregnancy & Childbirth, Self-care, Health, Pregnancy, Meditation, Therapeutic use, Self-care, health",2012.0,,,9781590309667,eng,open_library,yoga_way_of_life,meditation yoga
/works/OL28381143W,"Science of Meditation, Yoga, and Prayer",Amitava Dasgupta,,Health,2016.0,,,1681570351,eng,open_library,yoga_way_of_life,meditation yoga
/works/OL34082634W,Heavily Meditated Yoga Zen Lotus Flower,Bull Quack,,,2020.0,,,9798645032692,eng,open_library,yoga_way_of_life,meditation yoga
/works/OL30839201W,Meditation Yoga Coloring Book,Amar Publishing,,,2020.0,,,9798552417629,eng,open_library,yoga_way_of_life,meditation yoga
/works/OL34490388W,Meditation Buddhism Om Zen Meditating Yoga,Pexfri Publishing,,,2020.0,,,9798618599832,eng,open_library,yoga_way_of_life,meditation yoga
/works/OL2680142W,The way of the superior man,David Deida,,"Man-woman relationships, Conduct of life, Men, Masculinity, SOCIAL SCIENCE, Men's Studies, Men, conduct of life, sexuality, Sexualverhalten, Mann",1997.0,4.292683,41.0,9788484451709,spa,open_library,yoga_way_of_life,yoga way of life
/works/OL39087773W,Derekh ha-yogah,Aviḥai Kohen,,Yoga,2006.0,,,,heb,open_library,yoga_way_of_life,yoga way of life
/works/OL6790150W,The unseen hand,Raushan Nath,,Yoga,1971.0,,,,eng,open_library,yoga_way_of_life,yoga way of life
/works/OL2737634W,Yoga for Sex,Vimla Lalvani,,"Hatha yoga, Religious aspects, Religious aspects of Sex instruction, Sex instruction, Sexual intercourse, Tantrism, Sexology, Yoga",1997.0,,,9780753707074,eng,open_library,yoga_way_of_life,yoga way of life
/works/OL7108543W,Yoga,Ronald Hutchinson,,"Hatha yoga, Yoga",1970.0,,,0600392686,eng,open_library,yoga_way_of_life,yoga way of life
/works/OL528081W,The yoga of Jesus,Yogananda Paramahansa,,"Oriental interpretations, Christianity and yoga",2007.0,,,9780876128732,eng,open_library,yoga_way_of_life,yoga way of life
/works/OL122942W,The hidden teaching beyond yoga,Paul Brunton,,"Metaphysics, Modern Philosophy, Theory of Knowledge, Yoga, Christian universities and colleges, Baptists, Clergy, Universities and colleges, Knowledge, theory of, Philosophy, modern",1937.0,,,9780712615501,por,open_library,yoga_way_of_life,yoga way of life
/works/OL6814756W,A fifth yoga,Joseph Havens,,"Addresses, essays, lectures, Spiritual life",1978.0,,,9780875742205,eng,open_library,yoga_way_of_life,yoga way of life
/works/OL8469761W,Jnana-yoga,Ramakrishna Puligandla,,,2007.0,,,0875730914,eng,open_library,yoga_way_of_life,yoga way of life
/works/OL27937428W,Decolonizing Yoga : from Critical to Cosmic Consciousness,Punam Mehta,,,2022.0,,,9781665721974,eng,open_library,yoga_way_of_life,yoga way of life
/works/OL37666263W,Yoga,Acharya Yatendra,,,2023.0,,,9789358563191,eng,open_library,yoga_way_of_life,yoga way of life
/works/OL20039361W,101 ways to live well,Victoria Joy,,"Hatha yoga, Nutrition, Conduct of life, Self-care, Health, Mind and body, Mindfulness (Psychology), Well-being, Mindfulness (psychology)",2016.0,,,9781786572127,eng,open_library,yoga_way_of_life,yoga way of life
/works/OL31635577W,Yoga,SWAMI ADHYATMANAND,,,2012.0,,,9788184801217,,open_library,yoga_way_of_life,yoga way of life
/works/OL27669575W,Integral Yoga,Chandan Sukumar Sengupta,,,2020.0,,,9798552714254,eng,open_library,yoga_way_of_life,yoga way of life
/works/OL318749W,How to practice,His Holiness Tenzin Gyatso the XIV Dalai Lama,,"Buddhism, Doctrines, Religious life, Meditation, buddhism, Buddhist philosophy, Lebensführung, Buddhismus, Ratgeber, nyt:religion-spirituality-and-faith=2014-09-07, New York Times bestseller, Spiritual life, buddhism, Mediation, religious aspects, Prayer, christianity",2001.0,,,9783451054907,ger,open_library,yoga_way_of_life,yoga way of life
/works/OL43211618W,Yoga As A Way Of Life,O. V. Ramaiah,,,1979.0,,,,eng,open_library,yoga_way_of_life,yoga way of life
/works/OL514170W,The complete yoga of emotional-sexual life,Adi Da Samraj,,"Sex instruction, Yoga, Spiritual life, Religious aspects, Religious life, Religious aspects of Sex instruction, Sex",2008.0,,,9781594772580,eng,open_library,yoga_way_of_life,yoga way of life
/works/OL3931218W,The Way of Aikido,George Burr Leonard,,"Aikido, Psychological aspects, Yoga, Health/Fitness, Health & Fitness, Sports & Recreation, Eastern, Eastern - General, Martial Arts - Aikido, Health & Fitness / General, Martial Arts",1999.0,,,9780525944133,eng,open_library,yoga_way_of_life,yoga way of life
/works/OL15792352W,Don't sweat the small stuff-- and it's all small stuff,Richard Carlson,,"Conduct of life, Psychological Adaptation, Behavior Therapy, Peace of mind, Behavior modification, Self-management, Tranquillite  d'esprit, Morale pratique, Modification du comportement, Tranquillité d'esprit, Quality of Life, Life Style, Interpersonal relations, Stress management, Self-defeating behavior",1997.0,4.0,2.0,9780786881857,eng,open_library,yoga_way_of_life,yoga way of life
/works/OL41350727W,Yoga : a Way of Life,Sara Price,,,2015.0,,,9781511872645,eng,open_library,yoga_way_of_life,yoga way of life
/works/OL39873746W,The struggle for perfection,Krishnananda Swami.,,"Hindu philosophy, Yoga, Bhagavadgītā",1972.0,,,,eng,open_library,yoga_way_of_life,yoga way of life
/works/OL394826W,The struggle for perfection,Krishnananda Swami.,,,1972.0,,,,eng,open_library,yoga_way_of_life,yoga way of life
/works/OL35899753W,YOGA for Behaviour Change,Prathapan P,,,2021.0,,,9798697769140,eng,open_library,yoga_way_of_life,yoga way of life
/works/OL8912556W,The Spiritual Quest And the Way of Yoga,Swami Adiswarananda,,"Vedanta, Yoga, Spiritual life",2005.0,,,9781594735516,eng,open_library,yoga_way_of_life,yoga way of life
/works/OL24912803W,Yoga Nidra : Blissful deep relaxation,"Barbara Kundig, Barbara Kundig",,,2021.0,,,3966107902,,open_library,yoga_way_of_life,yoga way of life
/works/OL35955846W,Doing Yoga : a Great Way to Your Life to Gain Effect of a Yoga Practice,Lorita Mcilrath,,,2021.0,,,9798513864332,eng,open_library,yoga_way_of_life,yoga way of life
/works/OL30996373W,Yoga Philosophy : 50+ Essential Principles to Deepen Your Yoga Practice and Discover a Meaningful Way of Life,Elicia Olrich,,,2021.0,,,9798593536037,eng,open_library,yoga_way_of_life,yoga way of life
/works/OL20343262W,Yoga : A Natural Way of being,Dr. Vinod Verma,,,2014.0,,,1495484203,,open_library,yoga_way_of_life,yoga way of life
/works/OL26122839W,Reiki Is A Way Of Life,Reiki Publishing,,,2019.0,,,9781698927763,,open_library,yoga_way_of_life,yoga way of life
/works/OL5347024W,"Vedas, a way of life from yadnya (sacrifice) to yoga (union)",Gaṅgeśvarānanda Swami.,,"Criticism, interpretation, Doctrines, Hinduism, Religious life, Vedas",1982.0,,,,eng,open_library,yoga_way_of_life,yoga way of life
/works/OL2695110W,Ayurveda,Vasant Lad,,"Ayurvedic Medicine, Medicine, Oriental, Oriental Medicine, Medicine, Ayurvedic, Health, Alternative medicine",1984.0,,,9788120818392,spa,open_library,ayurveda_indian_spirituality,Ayurveda
/works/OL1825922W,Numerology,Harish Johari,,"Ayurvedic Medicine, Hindu astrology, Medicina ayurvédica, Medicine, Ayurvedic, Miscellanea, Miscelánea, Simbolismo de los números, Symbolism of numbers, Tantrism, Tantrismo, Numerology",1990.0,4.5,2.0,9789684584631,eng,open_library,ayurveda_indian_spirituality,Ayurveda
/works/OL19725658W,Secrets of ayurveda,Gopi Warrier,,"Ayurvedic Medicine, Medicine, ayurvedic",2017.0,,,9781782404927,eng,open_library,ayurveda_indian_spirituality,Ayurveda
/works/OL555603W,Ayurveda and the mind,David Frawley,,"Ayurvedic Medicine, Mind and body therapies, Medicine, ayurvedic, Spiritual healing, Mind and body, Self-care, health, Alternative medicine",1997.0,,,9780914955368,eng,open_library,ayurveda_indian_spirituality,Ayurveda
/works/OL2747815W,Practical ayurveda,Atreya.,,"Ayurvedic Medicine, Medicine, ayurvedic",1998.0,1.0,1.0,9781578630295,eng,open_library,ayurveda_indian_spirituality,Ayurveda
/works/OL5761054W,Basic principles of Ayurveda,V. B. Athavale,,"Ayurvedic Medicine, Diagnosis, Methods, Philosophy",1980.0,,,9788170841364,eng,open_library,ayurveda_indian_spirituality,Ayurveda
/works/OL2695105W,"Textbook of Ayurveda, Volume Two",Vasant Lad,,"Medicine, ayurvedic",2007.0,,,1883725119,eng,open_library,ayurveda_indian_spirituality,Ayurveda
/works/OL3001669W,Ayurveda,Maya Tiwari,,"Ayurvedic Medicine, Health, Medicine, Ayurvedic, Nutrition, Medicine, ayurvedic, Nutritional Physiological Phenomena",1994.0,,,9780892814909,eng,open_library,ayurveda_indian_spirituality,Ayurveda
/works/OL2695104W,Textbook of Ayurveda,Vasant Lad,,"Philosophy, Ayurvedic Medicine, History, Medicine, ayurvedic",2001.0,,,1883725070,eng,open_library,ayurveda_indian_spirituality,Ayurveda
/works/OL15569225W,Comprehensive kaayachikitsa and principles of ayurveda,H. Mahesh Udupa,,"Therapeutics, Ayurvedic Medicine",2004.0,5.0,1.0,,eng,open_library,ayurveda_indian_spirituality,Ayurveda
/works/OL2658683W,The complete illustrated guide to Ayurveda,Gopi Warrier,,"Medicine, Ayurvedic, Pictorial works, Ayurvedic Medicine, Medicine, ayurvedic",1997.0,5.0,1.0,1852309539,eng,open_library,ayurveda_indian_spirituality,Ayurveda
/works/OL2695109W,Marma points of Ayurveda,Vasant Lad,,"Acupuncture points, Ayurvedic Medicine, Medicine, Ayurvedic",2005.0,,,9781883725082,eng,open_library,ayurveda_indian_spirituality,Ayurveda
/works/OL2632016W,Ayurveda,Vinod Verma,,"Ayurvedic Medicine, Health, Medicine, Ayurvedic, Self-care, Health, Medicine, ayurvedic",1995.0,5.0,1.0,0877288224,eng,open_library,ayurveda_indian_spirituality,Ayurveda
/works/OL3372095W,Ayurveda and Panchakarma,Sunil V. Joshi,,"Medicine, Ayurvedic, Ayurvedic Medicine, Rejuvenation, Healing, Self-care, health, Alternative medicine",1997.0,5.0,1.0,0914955373,eng,open_library,ayurveda_indian_spirituality,Ayurveda
/works/OL15841607W,Ayurveda & immortality,Scott Treadway,,Ayurvedic Medicine,1986.0,,,9780890874578,eng,open_library,ayurveda_indian_spirituality,Ayurveda
/works/OL5872662W,Human physiology in Ayurveda,Kishor Patwardhan,,"Ayurveda, Indian Medicine, Physiology, Human physiology, Ancient Science, Ayurvedic Medicine, Vedic literature, History and criticism",2005.0,1.0,1.0,8176370983,eng,open_library,ayurveda_indian_spirituality,Ayurveda
/works/OL2775138W,The Ayurveda encyclopedia,Sada Shiva Tirtha,,"Medicine, Ayurvedic, Encyclopedias, Ayurvedic Medicine",1998.0,,,9780965804226,eng,open_library,ayurveda_indian_spirituality,Ayurveda
/works/OL567903W,Ayurveda,Arthur avalon,,"Ayurvedic Medicine, Medicine, ayurvedic",1992.0,,,8472453294,eng,open_library,ayurveda_indian_spirituality,Ayurveda
/works/OL1074997W,Ayurveda upachar,Pāṇḍuraṅga Harī Kulakarṇī,,"Ayurvedic Medicine, Medicine, Ayurvedic, Therapeutics",2000.0,,,8170306698,eng,open_library,ayurveda_indian_spirituality,Ayurveda
/works/OL2695100W,"Ayurveda, the Science of Self-healing",Vasant Lad,,,1994.0,,,8120811305,,open_library,ayurveda_indian_spirituality,Ayurveda
/works/OL2622964W,Absolute beauty,Pratima Raichur,,"Ayurvedic Medicine, Beauty, Personal, Care and hygiene, Medicine, Ayurvedic, Personal Beauty, Skin, Skin -- Care and hygiene.",1997.0,,,9780553504989,eng,open_library,ayurveda_indian_spirituality,Ayurveda
/works/OL555612W,Yoga and Ayurveda,David Frawley,,"Ayurvedic Medicine, Hatha yoga, Self-realization, Yoga",1999.0,,,8120818792,rus,open_library,ayurveda_indian_spirituality,Ayurveda
/works/OL3946347W,Ayurveda,Scott Gerson,,"Ayurvedic Medicine, Methods, Āyurveda, Medicine, ayurvedic, Indians of north america, medicine",1993.0,,,9781862040960,spa,open_library,ayurveda_indian_spirituality,Ayurveda
/works/OL2571649W,The book of ayurveda,Judith H. Morrison,,"Medicine, Ayurvedic, Self-care, Health, Ayurvedic Medicine, Medicine, ayurvedic, Self-care, health",1995.0,,,9780684800172,eng,open_library,ayurveda_indian_spirituality,Ayurveda
/works/OL23743700W,Secrets of ayurveda,"Gopi Warrier, Dr. Harish Verma, Karen Sullivan",,Ayurvedic Medicine,2001.0,,,078947784X,eng,open_library,ayurveda_indian_spirituality,Ayurveda
/works/OL3007509W,Ayurveda & aromatherapy,Light Miller,,"Aromatherapy, Ayurvedic Medicine, Medicine, Ayurvedic",1995.0,,,0914955209,eng,open_library,ayurveda_indian_spirituality,Ayurveda
/works/OL7974068W,Ayurveda,Arthur avalon,,"Ayurvedic Medicine, Longevity, Medicine, ayurvedic",1993.0,,,9781883725099,eng,open_library,ayurveda_indian_spirituality,Ayurveda
/works/OL3372096W,Ayurveda & life impressions bodywork,Donald VanHowten,,"Mind and body therapies, Medicine, Ayurvedic, Ayurvedic Medicine, Medicine, ayurvedic, Mind and body, Spiritual healing",1997.0,,,9780914955245,eng,open_library,ayurveda_indian_spirituality,Ayurveda
/works/OL13844538W,Comprehensive kaayachikitsa and principles of Ayurveda,H. Mahesh Udupa,,,2004.0,,,,eng,open_library,ayurveda_indian_spirituality,Ayurveda
/works/OL14871980W,Soldier of the Mist,Gene Wolfe,,"Fiction, History, Soldiers, Science fiction, Amnesia, Fictions, Latro (Fictitious character), Fiction, general",1986.0,4.4444447,9.0,9780812558166,eng,open_library,ayurveda_indian_spirituality,Ayurveda
/works/OL9094887W,Vedanta Treatise The Eternities,A.Parthasarathy,,,2006.0,,,9788187111788,eng,open_library,ayurveda_indian_spirituality,Vedanta
/works/OL51192W,Vedanta for the Western World,Christopher Isherwood,,Vedanta,1945.0,0.0,0.0,0874810000,eng,open_library,ayurveda_indian_spirituality,Vedanta
/works/OL323969W,Vedāntasārah̤,"Sadānanda Yogīndra, George Adolphus Jacob, Nandalal Dhole",,"Vedanta, Early works to 1800, Advaita, vedanta m defintions of vedanta terms, Hindu philosophy",1829.0,,,1015549527,hin,open_library,ayurveda_indian_spirituality,Vedanta
/works/OL264338W,Vedanta,Bhagwan Rajneesh,,"Hinduism, Upanishads, Spiritual life",1976.0,,,8172610122,san,open_library,ayurveda_indian_spirituality,Vedanta
/works/OL311904W,Practical Vedanta,Swami Vivekananda,,"Hinduism, Vedanta, Spiritual life",1991.0,,,,eng,open_library,ayurveda_indian_spirituality,Vedanta
/works/OL8399088W,Vedanta,Swami Vivekananda,,,1986.0,,,9780802224927,eng,open_library,ayurveda_indian_spirituality,Vedanta
/works/OL245178W,Vedanta Sutras,Badarayana.,,"Brahmanism, Vedanta, Hindu philosophy, Bhakti",1962.0,,,9780486209944,eng,open_library,ayurveda_indian_spirituality,Vedanta
/works/OL2972003W,Yoga mind & body,"Sivananda Yoga Vedanta Centre (London, England), Sivananda Yoga Vedanta Centre, Sivananda Yoga Vedanta Center",,"Hatha yoga, Yoga, Physical fitness, Health, Yoga cooking, Health/Fitness, Health & Fitness, Consumer Health, Health & Fitness / Yoga, Yoga, Haòtha",1996.0,,,9780751305678,eng,open_library,ayurveda_indian_spirituality,Vedanta
/works/OL3262223W,Vedanta & Christian faith,Bede Griffiths,,"Hinduism, Relations, Christianity and other religions, Christianity, Vedanta, East and West, Religious aspects",1968.0,,,0913922030,eng,open_library,ayurveda_indian_spirituality,Vedanta
/works/OL297586W,Dinkar's Urvashi,Ramdhari Singh Dinkar,,,1994.0,,,817220065X,eng,open_library,ayurveda_indian_spirituality,Vedanta
/works/OL310472W,Introduction à la philosophie védanta,F. Max Müller,,"Vedanta, Vedanta philosophy, Vedānta",1894.0,,,9780524010679,fre,open_library,ayurveda_indian_spirituality,Vedanta
/works/OL311921W,Vedanta philosophy,Swami Vivekananda,,"Vedanta, Yoga",1896.0,,,,eng,open_library,ayurveda_indian_spirituality,Vedanta
/works/OL153287W,The sermon on the Mount according to Vedanta,"Prabhavananda Swāmi, Swami Prabhavananda, Prabhavananda",,"Hindu interpretations, Hinduism, Vedanta, Christianity and other religions, Relations, Christianity, Sermon on the mount, Hindu interpretations of Jesus Christ, Biblical Studies - New Testament, Religion - Biblical Studies, Bible - Study - New Testament",1963.0,,,9780874810028,eng,open_library,ayurveda_indian_spirituality,Vedanta
/works/OL16029440W,Vedanta in action,Central Chinmaya Mission Trust,,"Management, Philosophy, Hindu philosophy, Vedanta",2006.0,,,9788175972681,eng,open_library,ayurveda_indian_spirituality,Vedanta
/works/OL2313098W,Vedanta philosophy,Abhedananda Swami,,"Vedanta, Hinduism, Theological anthropology, Hindu philosophy, Reincarnation",1903.0,,,,eng,open_library,ayurveda_indian_spirituality,Vedanta
/works/OL310463W,Vedanta philosophy,F. Max Müller,,Vedanta,1950.0,,,1425364276,eng,open_library,ayurveda_indian_spirituality,Vedanta
/works/OL51179W,An approach to Vedanta,Christopher Isherwood,,Vedanta,1963.0,4.0,1.0,9780874810035,eng,open_library,ayurveda_indian_spirituality,Vedanta
/works/OL6895449W,The universe of Vedanta,Bani Deshpande,,"Dialectical materialism, Hindu cosmology, Vedanta",1974.0,,,,eng,open_library,ayurveda_indian_spirituality,Vedanta
/works/OL97969W,Vedanta,Pravrajika Vrajaprana,,Vedanta,1999.0,,,0874813735,eng,open_library,ayurveda_indian_spirituality,Vedanta
/works/OL311925W,Vedânta philosophy,Swami Vivekananda,,"Hindu Philosophy, Hinduism, Vedanta, Yoga, Jñāna, Hindu philosophy",1901.0,,,,eng,open_library,ayurveda_indian_spirituality,Vedanta
/works/OL311910W,Vedanta,Swami Vivekananda,,Vedanta,1986.0,,,9780916356637,eng,open_library,ayurveda_indian_spirituality,Vedanta
/works/OL6579766W,Vedanta,Edward Albertson,,Vedanta,1970.0,,,,eng,open_library,ayurveda_indian_spirituality,Vedanta
/works/OL18019340W,Yoga mind & body,Sivananda Yoga Vedanta Centre,,Hatha yoga,1996.0,,,1552092674,eng,open_library,ayurveda_indian_spirituality,Vedanta
/works/OL40132865W,Vedanta Philosophy,Swami Abhedananda,,,2014.0,,,9781835523421,eng,open_library,ayurveda_indian_spirituality,Vedanta
/works/OL8398740W,Vedanta,Hans Torwestern,,Vedanta,1994.0,4.0,1.0,9780802132628,eng,open_library,ayurveda_indian_spirituality,Vedanta
/works/OL18540728W,Hindu spirituality,Krishna Sivaraman,,"Doctrines, Hinduism, Spiritual life",1989.0,,,9788120812543,eng,open_library,ayurveda_indian_spirituality,Vedanta
/works/OL11277581W,Vedanta and Christian faith,Bede Griffiths,,,1973.0,,,,eng,open_library,ayurveda_indian_spirituality,Vedanta
/works/OL15618213W,Vedanta prabodha,,,,2010.0,,,,hin,open_library,ayurveda_indian_spirituality,Vedanta
/works/OL9194007W,Insights into Vedanta-Tattwabodha,Sunirmalananda,,,2005.0,,,8178232294,,open_library,ayurveda_indian_spirituality,Vedanta
/works/OL250970W,Vedanta Philosophy,Abhedananda Swami,,"Classic Literature, Fiction",1942.0,0.0,0.0,1421802910,eng,open_library,ayurveda_indian_spirituality,Vedanta
/works/OL518380W,The Bhagavad Gita (Classics of Indian Spirituality),Eknath Easwaran,,,2007.0,5.0,1.0,9781586380199,eng,open_library,ayurveda_indian_spirituality,Indian spirituality
/works/OL518430W,The Upanishads (Classic of Indian Spirituality),Eknath Easwaran,,,2007.0,,,1586380214,eng,open_library,ayurveda_indian_spirituality,Indian spirituality
/works/OL6311193W,Indian Spirituality (Spirituality),Prabhu S. Guptara,,,1984.0,5.0,1.0,9780907536741,,open_library,ayurveda_indian_spirituality,Indian spirituality
/works/OL518390W,The Dhammapada (Classics of Indian Spirituality),Eknath Easwaran,,,2007.0,4.0,1.0,1586380206,eng,open_library,ayurveda_indian_spirituality,Indian spirituality
/works/OL8303868W,Standing Ground,Thomas Buckley,,"Religion, Yurok Indians, Indians of north america, religion, Ethnic & Tribal, HISTORY, Native American, Yurok, Godsdienst",2002.0,,,9781282359574,eng,open_library,ayurveda_indian_spirituality,Indian spirituality
/works/OL373987W,Lord Jagannatha,"Mahanty, Surendra",,"Jagannātha (Hindu deity), Cult, Hinduism, Rituals",1982.0,,,,eng,open_library,ayurveda_indian_spirituality,Indian spirituality
/works/OL27804231W,Global Perspectives on Indian Spirituality and Management,"Sanjoy Mukherjee, László Zsolnai",,,2022.0,,,9789811911606,eng,open_library,ayurveda_indian_spirituality,Indian spirituality
/works/OL15975100W,American Veda,Philip Goldberg,,"Hinduism, Vedanta, History, Yoga, Religion",2010.0,4.0,1.0,9780385521345,eng,open_library,ayurveda_indian_spirituality,Indian spirituality
/works/OL28357247W,Icons of Grace,Nityanand Charan Das,,,2022.0,5.0,1.0,9780143458463,eng,open_library,ayurveda_indian_spirituality,Indian spirituality
/works/OL32465699W,Upanishads,Eknath Easwaran,,,2010.0,,,9781458778291,eng,open_library,ayurveda_indian_spirituality,Indian spirituality
/works/OL19340664W,"Standing Ground: Yurok Indian Spirituality, 1850–1990",Thomas Buckley,,"Indians of north america, religion",2002.0,,,9780520936447,,open_library,ayurveda_indian_spirituality,Indian spirituality
/works/OL32464783W,Essence of the Upanishads,Eknath Easwaran,,Upanishads,2010.0,,,9781282487031,eng,open_library,ayurveda_indian_spirituality,Indian spirituality
/works/OL33788297W,Westland Chicken Soup For The Indian Spiritual Soul,,,,,,,938028327X,,open_library,ayurveda_indian_spirituality,Indian spirituality
/works/OL23955829W,Indian spirituality,Augustine Thottakara,,"Spiritual life, Hinduism, Christianity and other religions, Relations, Christianity",2005.0,,,9788186861790,eng,open_library,ayurveda_indian_spirituality,Indian spirituality
/works/OL15895119W,Essence of the Upanishads,Eknath Easwaran,,"Criticism, interpretation, Upanishads",2009.0,,,9781586380366,eng,open_library,ayurveda_indian_spirituality,Indian spirituality
/works/OL13294146W,Indian spirituality,Mohinī-Mohana Chattopādhyāya.,,,1933.0,,,,eng,open_library,ayurveda_indian_spirituality,Indian spirituality
/works/OL9654676W,Suppressing American Indian Spirituality,Speaks Lightning,,,1998.0,,,0936238143,,open_library,ayurveda_indian_spirituality,Indian spirituality
/works/OL9654677W,Supressing American Indian spirituality,Speaks Lightning,,,1997.0,,,0963514830,eng,open_library,ayurveda_indian_spirituality,Indian spirituality
/works/OL518387W,Classics of Indian Spirituality,Eknath Easwaran,,,2007.0,,,9781586380229,eng,open_library,ayurveda_indian_spirituality,Indian spirituality
/works/OL33616728W,Indian spirituality in action,Vandana Sister,,"Christianity and other religions, Hinduism, Relations, Christianity, Religion",1973.0,,,,eng,open_library,ayurveda_indian_spirituality,Indian spirituality
/works/OL30836928W,Learn Indian Spiritual Lessons,M. Muzamal NAVEED,,,2020.0,,,9798644821907,eng,open_library,ayurveda_indian_spirituality,Indian spirituality
/works/OL37572741W,Indian Spirituality,Joshua R. Paszkiewicz,,Philosophy,2024.0,,,1577154258,eng,open_library,ayurveda_indian_spirituality,Indian spirituality
/works/OL11431444M,North American Indian Spirituality (World Spirituality),,,"Native American Religions, Religion",1994.0,,,0824507541,,open_library,ayurveda_indian_spirituality,Indian spirituality
/works/OL3217852W,"Lokāyata, a critical study",Shubhada A. Joshi,,"Indic Philosophy, Lokāyata, Philosophy, Indic",1995.0,,,8170304105,eng,open_library,ayurveda_indian_spirituality,Indian spirituality
/works/OL5858315W,Wisdom,"Danielle Föllmi, Danielle Föllmi, Olivier FÖllmi",,"Gurus, Pictorial works, Quotations, Quotations, maxims, Religious aspects of Wisdom, Spiritual life, Wisdom, Buddhist philosophy, Religious aspects, Religion, India, Religion - World Religions, Spirituality - General, Eastern - General, Religion / Spirituality",2004.0,,,9780810956209,eng,open_library,ayurveda_indian_spirituality,Indian spirituality
/works/OL11431558W,West Indian spirituals and folk tunes,"Saunders, Max arr.",,"Folk-songs, West Indian",1945.0,,,,eng,open_library,ayurveda_indian_spirituality,Indian spirituality
/works/OL27756598W,"Indian spirituality, or, The travels and teachings of Sivanarayan",Mohini M. Chatterji,,,1907.0,,,9780524014196,eng,open_library,ayurveda_indian_spirituality,Indian spirituality
/works/OL31573362W,"A study of Ādhyātmik Sādhan, a modern Indian spiritual manual",Naomi Lilian Aschner,,,1979.0,,,,eng,open_library,ayurveda_indian_spirituality,Indian spirituality
/works/OL13145360M,Sikh Gurus and the Indian Spiritual Thought,,,,1994.0,,,8173800030,,open_library,ayurveda_indian_spirituality,Indian spirituality
/works/OL18292101W,Sikh Gurus and the Indian spiritual thought,Taran Singh,,Sikhism,1981.0,,,,eng,open_library,ayurveda_indian_spirituality,Indian spirituality
/works/OL528094W,Autobiography of a Yogi,Yogananda Paramahansa,,"Autobiography, Yogis, Yoga, Yoguis, Biografía, Spiritual biography, Biography & Autobiography, New Age, Nonfiction, Biography, Correspondence, reminiscences, Autobiographies, General, Biography / Autobiography, Yōga (Japanese painting styles)",1946.0,4.1875,48.0,8172345364,fre,open_library,ayurveda_indian_spirituality,Autobiography of a Yogi
/works/OL29340960W,Autobiography of a Yogi,Paramhansa Yogananda,,Yogis,1946.0,,,9563101219,eng,open_library,ayurveda_indian_spirituality,Autobiography of a Yogi
/works/OL39702197W,Autobiography of a Yogi,Paramahansa Yogananda,,"Yogananda, paramahansa, 1893-1952, Yogis",1946.0,,,1477644288,eng,open_library,ayurveda_indian_spirituality,Autobiography of a Yogi
/works/OL28947729W,Autobiography Of A Yogi  - Hindi,Paramhansa Yogananda,,,2010.0,5.0,1.0,9789380676371,hin,open_library,ayurveda_indian_spirituality,Autobiography of a Yogi
/works/OL27024280W,An Autobiography of a Yogi,Paramhansa Yogananda,,,2009.0,,,8183630693,,open_library,ayurveda_indian_spirituality,Autobiography of a Yogi
/works/OL24836043W,Autobiography of a Yogi,Paramhansa Yogananda,,,2005.0,,,1565896157,eng,open_library,ayurveda_indian_spirituality,Autobiography of a Yogi
/works/OL41898265W,Autobiography of a Yogi,Paramhansa Yogananda,,,1946.0,,,9798347533909,eng,open_library,ayurveda_indian_spirituality,Autobiography of a Yogi
/works/OL550058W,Autobiography of a Yogi,Goswami Kriyananda,,,2003.0,,,1565891090,eng,open_library,ayurveda_indian_spirituality,Autobiography of a Yogi
/works/OL32937957W,Autobiography of a Yogi,,,,2015.0,,,9381607664,,open_library,ayurveda_indian_spirituality,Autobiography of a Yogi
/works/OL26624001W,Autobiography of a Yogi by Paramhansa Yogananda Illustrated Edition,Paramhansa Yogananda,,,2021.0,,,9798776896552,eng,open_library,ayurveda_indian_spirituality,Autobiography of a Yogi
/works/OL31382528W,Autobiography of a Yogi,Yogananda Paramahamsa,,,2011.0,,,818953551X,,open_library,ayurveda_indian_spirituality,Autobiography of a Yogi
/works/OL30486087W,Autobiography of a Yogi,Pramahansa Yogananda,,,2019.0,,,1650455674,eng,open_library,ayurveda_indian_spirituality,Autobiography of a Yogi
/works/OL45362677W,Autobiography of a Yogi,Yogananda Paramahansa,,"Biographies & Memoirs, Hinduismus",2018.0,,,8193540166,eng,open_library,ayurveda_indian_spirituality,Autobiography of a Yogi
/works/OL26674766W,Autobiography of a Yogi by Paramhansa Yogananda,Paramhansa Yogananda,,,2021.0,,,9798415227761,eng,open_library,ayurveda_indian_spirituality,Autobiography of a Yogi
/works/OL37608649W,Autobiography of a YOGI,Paramahansa Yogananda,,,2015.0,,,9783956761508,eng,open_library,ayurveda_indian_spirituality,Autobiography of a Yogi
/works/OL27162691W,Autobiography of a Yogi Illustrated,Paramhansa Yogananda,,,2021.0,,,9798768585730,eng,open_library,ayurveda_indian_spirituality,Autobiography of a Yogi
/works/OL27248532W,Autobiography of a Yogi:(illustrated Edition),Paramhansa Yogananda,,,2021.0,,,9798784385413,eng,open_library,ayurveda_indian_spirituality,Autobiography of a Yogi
/works/OL25368629W,Autobiography of a Yogi : (with Pictures),Paramhansa Yogananda,,Biography,2013.0,,,9781627931656,eng,open_library,ayurveda_indian_spirituality,Autobiography of a Yogi
/works/OL40685632W,Autobiography of a Yogi,"Paramahansa Paramahansa Yogananda, Adriano Lucchese, W. Evans-Wentz",,,2015.0,,,1519296606,eng,open_library,ayurveda_indian_spirituality,Autobiography of a Yogi
/works/OL34653839W,Autobiography Of A Yogi,,,,,,,9789386869364,,open_library,ayurveda_indian_spirituality,Autobiography of a Yogi
/works/OL34318340W,Autobiography of a Yogi,PARAMAHANSA YOGANADA,,,1983.0,,,9780090210510,eng,open_library,ayurveda_indian_spirituality,Autobiography of a Yogi
/works/OL38298080W,Autobiography of a Yogi,"P. Yogananda, W. Y. Evans-Wentz",,,2018.0,,,0464853028,eng,open_library,ayurveda_indian_spirituality,Autobiography of a Yogi
/works/OL40419205W,Autobiography of a YOGI,ParamhansaParamhansa Yogananda,,"Yogananda, paramahansa, 1893-1952, Yogis, Saints, biography",2015.0,,,1519596677,eng,open_library,ayurveda_indian_spirituality,Autobiography of a Yogi
/works/OL41604484W,Autobiography of a Yogi,Paramhansa Paramhansa Yogananda,,,2016.0,,,9781537524016,eng,open_library,ayurveda_indian_spirituality,Autobiography of a Yogi
/works/OL31548175W,Autobiography of a Yogi,,,,,,,1500602396,,open_library,ayurveda_indian_spirituality,Autobiography of a Yogi
/works/OL31654998W,Autobiography of a Yogi,,,,,,,1606714570,,open_library,ayurveda_indian_spirituality,Autobiography of a Yogi
/works/OL32399868W,Autobiography of a Yogi,Yogananda,,"Yogananda, paramahansa, 1893-1952, Yogis, Hindu saints, Saints, biography",2016.0,,,9781785991660,eng,open_library,ayurveda_indian_spirituality,Autobiography of a Yogi
/works/OL42994534W,autobiography of a yogi ,paramahansa yogananda,,,1946.0,,,,eng,open_library,ayurveda_indian_spirituality,Autobiography of a Yogi
/works/OL43028026W,autobiography of a yogi,paramhansa yogananda,,,1946.0,,,,eng,open_library,ayurveda_indian_spirituality,Autobiography of a Yogi
/works/OL9267695M,Autobiography of a Yogi,PARAMAHANSA YOGANADA,,Non-Classifiable,1983.0,,,9780090210510,eng,open_library,ayurveda_indian_spirituality,Autobiography of a Yogi
/works/OL3284978W,Tantra,Philip S. Rawson,,"Tantrism, Tantric Art",1973.0,,,9784582284089,eng,open_library,ayurveda_indian_spirituality,Indian Tantra
/works/OL7946201W,Tantra,Philip S. Rawson,,,1984.0,4.0,1.0,050081001X,eng,open_library,ayurveda_indian_spirituality,Indian Tantra
/works/OL19505608W,The Great book of Tantra,Indra Sinha,,"Tantrism, Tantrismus, Quelle",1993.0,,,089281487X,eng,open_library,ayurveda_indian_spirituality,Indian Tantra
/works/OL224169W,Tantra,Prem Saran,,,1998.0,,,812460097X,eng,open_library,ayurveda_indian_spirituality,Indian Tantra
/works/OL4317075W,Journey into consciousness,"Charles Breaux, C. BREAUX",,"Yoga, Psychology, Jungian psychology, Chakras, Buddhism, Tantrism, Tantric Buddhism, Psychoanalysis and religion, Oriental & Indian philosophy, Tibetan Buddhism",1989.0,,,8120814495,eng,open_library,ayurveda_indian_spirituality,Indian Tantra
/works/OL10502098W,Tantra,Bernard Soulie ,,,1982.0,,,,eng,open_library,ayurveda_indian_spirituality,Indian Tantra
/works/OL9081981W,History of Indian Literature,Maurice Winternitz,,"Sanskrit literature, History and criticism, Indic literature, Buddhist literature, Jaina literature, Pali literature, Literature, Sanskrit, History, Pali, Buddhism",1981.0,5.0,1.0,9780836408010,eng,open_library,ayurveda_indian_spirituality,Indian Tantra
/works/OL8286793W,Tantra,,,,1988.0,,,0517517108,eng,open_library,ayurveda_indian_spirituality,Indian Tantra
/works/OL6580555W,Neo-tantra,Frederick S. Wight Art Gallery.,,"Exhibitions, Indic Art, Painting, Tantric Art",1985.0,,,,eng,open_library,ayurveda_indian_spirituality,Indian Tantra
/works/OL13436603W,Tantra,Bernard Soulié,,"Art, Tantric, Erotic art, Erotic art in Tantrism, Tantric Art, Tantrism",1982.0,,,9780517402900,eng,open_library,ayurveda_indian_spirituality,Indian Tantra
/works/OL17433534W,Tantra The Indian Cult Of Ecstasy,Philip S. Rawson,,"Tantrism, Tantric art, Tantras",2012.0,,,9780500810484,eng,open_library,ayurveda_indian_spirituality,Indian Tantra
/works/OL9083402W,Encyclopaedia of Tantra,"Sadhu Santideva, SADHU SANTIDEV",,"Encyclopedias, Tantrism, Hinduism, Oriental & Indian philosophy, Body, Mind & Spirit, New Age, OCC021000, OCC, Reference, Tantrisme, Encyclopédies",1999.0,,,9788170208631,eng,open_library,ayurveda_indian_spirituality,Indian Tantra
/works/OL32319345W,The yoga of Netra Tantra,Bettina Bäumer,,"Textual Criticism, Śaivism, Yoga, Tantrism, Tantras",2019.0,,,9788124609668,eng,open_library,ayurveda_indian_spirituality,Indian Tantra
/works/OL23365509W,"Tantra, mantra, and yantra in Indian tradition","Seminar on Tantra, Mantra & Yantra in Indian Tradition (2009 Hyderabad, India)",,"Tantrism, Congresses, Religion and culture, Doctrines",2010.0,,,8190990209,eng,open_library,ayurveda_indian_spirituality,Indian Tantra
/works/OL21262486W,"Sir John Woodroffe, Tantra and Bengal",Kathleen Taylor,,"Authors, english, Orientalists, India, biography, Tantrism",2012.0,,,9780415749367,eng,open_library,ayurveda_indian_spirituality,Indian Tantra
/works/OL39568012W,Tantra,Prem Saran,,,1994.0,,,8124600120,,open_library,ayurveda_indian_spirituality,Indian Tantra
/works/OL43368533W,Tantra,Philip Rawson,,,1989.0,,,,eng,open_library,ayurveda_indian_spirituality,Indian Tantra
/works/OL2003811W,"Sir John Woodroffe, Tantra and Bengal",Kathleen Taylor,,"Authors, english, Authors, biography, Orientalists, Tantrism, English Authors, Biography, Asianists, BIOGRAPHY & AUTOBIOGRAPHY, Historical, HISTORY, India & South Asia, Oriëntalistiek, Écrivains anglais, Biographies, Spécialistes en études asiatiques",2001.0,0.0,0.0,070071345X,eng,open_library,ayurveda_indian_spirituality,Indian Tantra
/works/OL5728378W,The Great Book of Tantra,Indra Sinha,,,1993.0,,,9780892814879,eng,open_library,ayurveda_indian_spirituality,Indian Tantra
/works/OL5838483W,The dawn of Indian music in the West,Peter Lavezzoli,,"History and criticism, Indic influences, Interviews, Music, Musicians, Popular music, Spirituality in music, Music, history and criticism, Music, indic, Spirituality",2006.0,,,9780826418159,eng,open_library,ayurveda_indian_spirituality,Indian Tantra
/works/OL35268809W,Neo-Tantra,,,,,,,,,open_library,ayurveda_indian_spirituality,Indian Tantra
/works/OL3284970W,Tantra : the Indian cult of ecstasy,Philip S. Rawson,,"Tantrism, Tantric Art, Tantrisme, Cultus, Kunst",1973.0,,,,eng,open_library,ayurveda_indian_spirituality,Indian Tantra
/works/OL22897199W,The Niśvāsatattvasaṃhitā,"Dominic Goodall, Alexis Sanderson, H. Isaacson",,"Tantrism, Śaivism, Early works to 1800",2015.0,,,,eng,open_library,ayurveda_indian_spirituality,Indian Tantra
/works/OL39650078W,"Sir John Woodroffe, Tantra and Bengal",Kathleen Taylor,,"Authors, english, Orientalists, India, biography, Tantrism",2012.0,,,1136121064,eng,open_library,ayurveda_indian_spirituality,Indian Tantra
/works/OL355682W,The world of Tantra,Brajamādhaba Bhaṭṭācārya,,"Trantrism, Civilization, Tantrism, Arts",1987.0,0.0,0.0,8121500869,eng,open_library,ayurveda_indian_spirituality,Indian Tantra
/works/OL63384W,Geschichte der indischen litteratur,Moritz Winternitz,,"Buddhist literature, History and criticism, Indic literature, Jaina literature, Pali literature, Sanskrit literature",1908.0,,,0846216027,ger,open_library,ayurveda_indian_spirituality,Indian Tantra
/works/OL19084129W,Buddhist Tantra,Pranshu Samdarshi,,,2019.0,,,9789353467944,eng,open_library,ayurveda_indian_spirituality,Indian Tantra
/works/OL23891931W,The Tantras and their impact on Indian life,Pushpendra Kumar,,"Congresses, Criticism, interpretation, Influence, Tantrism, Customs and practices, Religious life and customs, Tantras",2004.0,,,9788186700419,eng,open_library,ayurveda_indian_spirituality,Indian Tantra
/works/OL18554528W,An Ancient Indian system of rasayana,"Chittabrata Palit, Nupur Dasgupta",,"Tantras, Criticism, interpretation, Alchemy, Ayurvedic Medicine, Formulae, receipts, prescriptions, Suvarṇatantra",2009.0,,,9788178356921,eng,open_library,ayurveda_indian_spirituality,Indian Tantra
/works/OL355378W,Sanskrit manuscripts from Tibet,Lokesh Chandra,,"Buddhism, Sacred books, Tantras. Kālacakratantra, Tantras.  Kalacakratantra, Tripiṭaka, Tantras",1971.0,,,,eng,open_library,ayurveda_indian_spirituality,Indian Tantra
/works/OL1975475W,Sacred ecology,Fikret Berkes,,"Environmental conditions, Case studies, Traditional ecological knowledge, Philosophy, Environmental sciences, Social change, Indigenous peoples, Human ecology, Native peoples, Sciences de l'environnement, Changement social, Umweltwissenschaften, Ecology, Ecologie, Philosophie",1999.0,,,9780415958295,eng,open_library,indigenous_knowledge_americas,Traditional Ecological Knowledge
/works/OL8418434W,Traditional Ecological Knowledge and Natural Resource Management,Charles R. Menzies,,"Traditional ecological knowledge, Conservation of natural resources, Ecology, Indigenous peoples, Natural resources, management, Experiential learning, Ethnoecology",2006.0,,,0803283199,eng,open_library,indigenous_knowledge_americas,Traditional Ecological Knowledge
/works/OL20591920W,Traditional Ecological Knowledge,Melissa K. Nelson,,"Environmental protection, Sustainability",2018.0,,,9781108428569,eng,open_library,indigenous_knowledge_americas,Traditional Ecological Knowledge
/works/OL26509587W,Traditional Ecological Knowledge in Georgia,Zaal Kikvidze,,Indigenous peoples,2020.0,,,9781000326673,eng,open_library,indigenous_knowledge_americas,Traditional Ecological Knowledge
/works/OL8612435W,Traditional Ecological Knowledge,J. T. Inglis,,,1993.0,,,0889366837,eng,open_library,indigenous_knowledge_americas,Traditional Ecological Knowledge
/works/OL19106341W,Traditional ecological knowledge,"Julian Inglis, International Development Research Centre (Canada)",,"Ecology, Management, Natural resources, Sustainable development, Traditional ecological knowledge, Conditions économiques, Economic development, Indiens, Conservation of natural resources, Environmental policy, Indigenous peoples, Congrés, Écologie humaine, Environmental aspects, Développement durable",1993.0,,,9781895926002,eng,open_library,indigenous_knowledge_americas,Traditional Ecological Knowledge
/works/OL28797527W,Traditional Ecological Knowledge and Global Pandemics,Ngozi Finette Unuigbe,,,2021.0,,,1003141285,eng,open_library,indigenous_knowledge_americas,Traditional Ecological Knowledge
/works/OL20673440W,The Traditional Ecological Knowledge of the Solega,Aung Si,,"Ethnobiology, Sociolinguistics, Human-animal relationships, Soligar (Indic people), Social life and customs, Soliga dialect, Traditional ecological knowledge, Ecology, Classification, Linguistics, Ethnobotany, Traditional Medicine, Rural Population, European Continental Ancestry Group",2015.0,,,3319796577,eng,open_library,indigenous_knowledge_americas,Traditional Ecological Knowledge
/works/OL37858406W,"Traditional Ecological Knowledge , Ethnoecology, It's Use in Indigenous Communities and Native America","Tyler Pounds, New Mexico State University Writing Center",,"Science, Social sciences",2024.0,,,9798987534052,eng,open_library,indigenous_knowledge_americas,Traditional Ecological Knowledge
/works/OL9281158W,Traditional Ecological Knowledge,Robert Earle Johannes,,"Ecology, Nature conservation, Traditional ecological knowledge, Human beings, Effect of environment on, Sociology of Knowledge",1989.0,,,9782880329983,eng,open_library,indigenous_knowledge_americas,Traditional Ecological Knowledge
/works/OL18524786W,Traditional ecological knowledge,"Nancy M. Williams, Graham B. K. Baines",,"Ethnozoology, Conservation of natural resources, Congresses, Environmental protection, Ethnobotany, Environmental aspects, Economic development",1993.0,,,0867404140,eng,open_library,indigenous_knowledge_americas,Traditional Ecological Knowledge
/works/OL18952036W,Human impacts on Amazonia,"Darrell A. Posey, Michael J. Balick",,"Environmental degradation, Ecology, Nature, Traditional ecological knowledge, Ethnobotany, Effect of human beings on, Soil degradation, Environmental conditions, Indigenous peoples, Indians of South America, Mensch, Regenwald, Humanökologie, Lokales Wissen, Anthropogener Einfluss",2006.0,,,9781280599323,eng,open_library,indigenous_knowledge_americas,Traditional Ecological Knowledge
/works/OL28799988W,Traditional Ecological Knowledge of Resource Management in Asia,"Suresh Chand Rai, Prabuddh Kumar Mishra",,,2022.0,,,3031168399,eng,open_library,indigenous_knowledge_americas,Traditional Ecological Knowledge
/works/OL25762896W,Traditional Ecological Knowledge in Georgia,Zaal Kikvize,,"Anthropology, Traditional ecological knowledge, Ethnobiology, Savoirs écologiques traditionnels, Ethnobiologie",2020.0,,,9780367674908,eng,open_library,indigenous_knowledge_americas,Traditional Ecological Knowledge
/works/OL21570727W,Traditional Ecological Knowledge,Jerome M. Harrington,,"Indigenous peoples, Traditional ecological knowledge, Conservation of natural resources, Climatic changes",2015.0,0.0,0.0,1634823486,eng,open_library,indigenous_knowledge_americas,Traditional Ecological Knowledge
/works/OL18727498W,Traditional ecological knowledge of mountain people,"Neelendra K. Joshi, Vir Singh",,"Traditional ecological knowledge, Sustainable development",2010.0,,,8170356326,eng,open_library,indigenous_knowledge_americas,Traditional Ecological Knowledge
/works/OL25768041W,Traditional Ecological Knowledge and Global Pandemics,Ngozi F. Unuigbe,,"Anthropology, Traditional ecological knowledge, COVID-19 (Disease), Environmental aspects, Nature, Effect of human beings on, Ecosystem health, Savoirs écologiques traditionnels, COVID-19, Aspect de l'environnement, Homme, Influence sur la nature, Écosystèmes, Santé, NATURE",2021.0,,,0367692945,eng,open_library,indigenous_knowledge_americas,Traditional Ecological Knowledge
/works/OL35975819W,Indigenous traditional ecological knowledge in agroforestry,Colleen Rossier,,"Agroforestry, Ethnobotany, Traditional ecological knowledge",2013.0,,,,eng,open_library,indigenous_knowledge_americas,Traditional Ecological Knowledge
/works/OL18999427W,Traditional ecological knowledge and modern environmental assessment,"Peter Boothroyd, Barry Sadler",,"Environmental impact analysis, Sustainable development, Human ecology, Indigenous peoples, Evaluation, Land tenure",1994.0,,,0888654111,eng,open_library,indigenous_knowledge_americas,Traditional Ecological Knowledge
/works/OL42412368W,Indigenous Critical Reflections on Traditional Ecological Knowledge,Lara A. Jacobs,,,2025.0,,,9781962645324,eng,open_library,indigenous_knowledge_americas,Traditional Ecological Knowledge
/works/OL18590809W,Traditional ecological knowledge camp in Fort Yukon,Brandy L. Berkbigler,,"Traditional ecological knowledge, Stream ecology, Subsistence fishing, Anatomy, Study and teaching, Identification, Science camps, Fishes",2007.0,,,,eng,open_library,indigenous_knowledge_americas,Traditional Ecological Knowledge
/works/OL18589224W,Traditional ecological knowledge camp in Fort Yukon,Brandy L. Berkbigler,,"Traditional ecological knowledge, Stream ecology, Subsistence fishing, Anatomy, Study and teaching, Identification, Science camps, Fishes",2007.0,,,,eng,open_library,indigenous_knowledge_americas,Traditional Ecological Knowledge
/works/OL18696111W,Traditional ecological knowledge camp in Fort Yukon,Brandy L. Berkbigler,,"Traditional ecological knowledge, Stream ecology, Subsistence fishing, Anatomy, Study and teaching, Identification, Science camps, Fishes",2007.0,,,,eng,open_library,indigenous_knowledge_americas,Traditional Ecological Knowledge
/works/OL23189415W,The Navajo and the animal people,Steve Pavlik,,"Navajo philosophy, Traditional ecological knowledge, Human-animal relationships, Navajo Nation, Arizona, New Mexico & Utah, Indian philosophy, north america",2014.0,,,1938486641,eng,open_library,indigenous_knowledge_americas,Traditional Ecological Knowledge
/works/OL5774881W,Traditional ecological knowledge of salmon along the Yukon River,Catherine F. Moncrieff,,"Chinook salmon, Ecological assessment (Biology), Ecology, Fishing, Indians of North America, Subsistence economy, Sustainable fisheries",2003.0,,,,eng,open_library,indigenous_knowledge_americas,Traditional Ecological Knowledge
/works/OL15634229W,Traditional ecological knowledge of mountain people,"Neelendra K. Joshi, Vir Singh",,"Traditional ecological knowledge, Sustainable development",2010.0,,,8170356326,eng,open_library,indigenous_knowledge_americas,Traditional Ecological Knowledge
/works/OL23140387W,Exploring the role of traditional ecological knowledge in climate change initiatives,Kirsten Vinyeta,,"Traditional ecological knowledge, Indigenous peoples, Ecology, Indians of North America, Ethnobiology, Alaska Natives, Climatic changes, Social aspects",2013.0,,,,eng,open_library,indigenous_knowledge_americas,Traditional Ecological Knowledge
/works/OL39660017W,Exploring the role of traditional ecological knowledge in climate change initiative,Kirsten Vinyeta,,"Traditional ecological knowledge, Indigenous peoples, Ecology, Indians of North America, Ethnobiology, Alaska Natives, Climatic changes, Social aspects",2013.0,,,,eng,open_library,indigenous_knowledge_americas,Traditional Ecological Knowledge
/works/OL24082461W,Whitefish,Susan Georgette,,"Traditional ecological knowledge, Subsistence economy, Eskimos, Fishing, Inupiat, Fishers, Fishes, Whitefish fisheries, Whitefishes",2005.0,,,,eng,open_library,indigenous_knowledge_americas,Traditional Ecological Knowledge
/works/OL19533427W,Voices from the bay,,,"Traditional ecological knowledge, Environmental conditions, Inuit, Environmental impact analysis, Sustainable development, Ethnobiology, Cree Indians",1997.0,,,9780919996755,eng,open_library,indigenous_knowledge_americas,Traditional Ecological Knowledge
/works/OL21243989W,"Indigenous Knowledge, Ecology, and Evolutionary Biology",Raymond Pierotti,,"Indigenous peoples, Evolution, Experiential learning",2010.0,,,9781136938962,eng,open_library,indigenous_knowledge_americas,Indigenous Knowledge ecology
/works/OL16819897W,Braiding Sweetgrass,Robin Wall Kimmerer,,"Botany, Ecology, Potawatomi Indians, Indian philosophy, Philosophy of nature, Human-plant relationships, Effect of human beings on, Nature, Indigenous peoples, Philosophy, Social life and customs, Human ecology, Biography, SCIENCE / Life Sciences / Botany, SOCIAL SCIENCE / Ethnic Studies / Native American Studies",2013.0,4.6153846,13.0,1571313567,spa,open_library,indigenous_knowledge_americas,Indigenous Knowledge ecology
/works/OL15046728W,"Indigenous knowledge, ecology, and evolutionary biology",Raymond John Pierotti,,"Traditional ecological knowledge, Ethnoscience, Ecology, Evolution (Biology), Indigenous peoples, Evolution, Ethnology, Biology, Ethnoecology, Ethnoécologie, Savoirs écologiques traditionnels, Ethnosciences, SOCIAL SCIENCE, Human Geography",2010.0,,,9780415879248,eng,open_library,indigenous_knowledge_americas,Indigenous Knowledge ecology
/works/OL11962485W,The world Wolf made,Raymond John Pierotti,,"Traditional ecological knowledge, Evolution (Biology), Ecology, Indigenous peoples, Evolution, Experiential learning",2008.0,,,9780803211094,eng,open_library,indigenous_knowledge_americas,Indigenous Knowledge ecology
/works/OL1975475W,Sacred ecology,Fikret Berkes,,"Environmental conditions, Case studies, Traditional ecological knowledge, Philosophy, Environmental sciences, Social change, Indigenous peoples, Human ecology, Native peoples, Sciences de l'environnement, Changement social, Umweltwissenschaften, Ecology, Ecologie, Philosophie",1999.0,,,9780415958295,eng,open_library,indigenous_knowledge_americas,Indigenous Knowledge ecology
/works/OL17438481W,Ancient Pathways Ancestral Knowledge Ethnobotany And Ecological Wisdom Of Indigenous Peoples Of Northwestern North America,Nancy J. Turner,,"Indians of north america, canada, Northwestern states, history, Experiential learning, Indians of North America, Ethnobotany, Traditional ecological knowledge",2014.0,,,9780773585409,eng,open_library,indigenous_knowledge_americas,Indigenous Knowledge ecology
/works/OL1054919W,Biopiracy,Vandana Shiva,,"Patents, Law and legislation, Genetic engineering, Animals, Economic aspects of Patents, Cultivated Plants, Legal status, laws, Foreign trade regulation, Indigenous peoples, Biotechnology, Risk assessment, Traditional ecological knowledge, Agricultural biotechnology, Biological diversity conservation, Biopiracy",1997.0,4.0,1.0,1870098749,eng,open_library,indigenous_knowledge_americas,Indigenous Knowledge ecology
/works/OL20591920W,Traditional Ecological Knowledge,Melissa K. Nelson,,"Environmental protection, Sustainability",2018.0,,,9781108428569,eng,open_library,indigenous_knowledge_americas,Indigenous Knowledge ecology
/works/OL37882395W,Natural Science and Indigenous Knowledge,"Edward A. (Ecology Professor) Johnson, Susan M. Arlidge",,Anthropology,2024.0,,,1009416677,eng,open_library,indigenous_knowledge_americas,Indigenous Knowledge ecology
/works/OL18208113W,Indigenous religions,Graham Harvey,,"Religion, Indigenous peoples, Dreaming, Autochtones, Indigenes Volk, Magic and sorcery, Creation, Cosmology, Religions, Inheemse volken, Godsdiensten, Christianity, Religion primitive, Aufsatzsammlung",2000.0,,,1138202428,eng,open_library,indigenous_knowledge_americas,Indigenous Knowledge ecology
/works/OL18348075W,"Science, colonialism, and indigenous peoples",Laurelyn Whitt,,"Sociological jurisprudence, Indigenous peoples, Intellectual property, Traditional ecological knowledge, Law and legislation, Legal status, laws, Indigenous peoples, legal status, laws, etc., Indians of North America, Experiential learning",2009.0,,,9780511604300,eng,open_library,indigenous_knowledge_americas,Indigenous Knowledge ecology
/works/OL37858406W,"Traditional Ecological Knowledge , Ethnoecology, It's Use in Indigenous Communities and Native America","Tyler Pounds, New Mexico State University Writing Center",,"Science, Social sciences",2024.0,,,9798987534052,eng,open_library,indigenous_knowledge_americas,Indigenous Knowledge ecology
/works/OL28701732W,African Indigenous Ecological Knowledge Systems,Ikechukwu Anthony Kanu,,,2022.0,,,1665599596,eng,open_library,indigenous_knowledge_americas,Indigenous Knowledge ecology
/works/OL15318695W,Protecting Indigenous Knowledge and Heritage,James Youngblood Henderson,,"Ethnoscience, Eurocentrism, Legal status, laws, Indigenous peoples, Indigenous peoples, canada, Intellectual property, Cultural property, Traditional ecological knowledge, Law and legislation, Indigenous peoples--legal status, laws, etc, Indigenous peoples--legal status, laws, etc--canada, Cultural property--canada, Intellectual property--canada, Indigenous peoples--canada, Ke7722.i58 b38 2000",2000.0,,,189583015X,eng,open_library,indigenous_knowledge_americas,Indigenous Knowledge ecology
/works/OL19588689W,Participating in development,"Paul Sillitoe, Alan Bicker, Johan Pottier",,"Community development, Ethnoscience, Technical assistance, Applied anthropology, Technical assistance, developing countries, Community development, developing countries, Indigenous peoples, Ecology, Natural resources management areas, Ethnoecology, POLITICAL SCIENCE, Public Policy, City Planning & Urban Development, Anthropological aspects",2002.0,,,1134514042,eng,open_library,indigenous_knowledge_americas,Indigenous Knowledge ecology
/works/OL6082026W,Global Biopiracy,Ikechi Mgbeoji,,"Biodiversity, Biotechnology, Cultivated Plants, Ethnobotany, Ethnopharmacology, Foreign trade regulation, Indigenous peoples, Law and legislation, Legal status, laws, Patents, Protection of Plants, Traditional ecological knowledge, Plantes, Brevets d'invention, Savoirs écologiques traditionnels",2005.0,,,9780774811521,eng,open_library,indigenous_knowledge_americas,Indigenous Knowledge ecology
/works/OL18409453W,Indigenous traditions and ecology,John Grim,,"Environmental degradation, Ecology, Environmental ethics, Religious aspects, Ethnophilosophy, Cosmology, Religion, Indigenous peoples, Environnement, Primitieve volken, Ethnophilosophie, Éthique de l'environnement, Aspect religieux, Inheemse volken, Écologie",2001.0,,,0945454287,eng,open_library,indigenous_knowledge_americas,Indigenous Knowledge ecology
/works/OL8834940W,Red alert!,Daniel R. Wildcat,,"Traditional ecological knowledge, Human ecology, Ecology, Indigenous peoples",2009.0,,,9781458778048,eng,open_library,indigenous_knowledge_americas,Indigenous Knowledge ecology
/works/OL15297674W,Indigenous Peoples Wisdom and Power,"Julian Kunnie, Nomalungelo L. Goduka",,"Religion, Ethnoscience, Indigenous peoples, Ethnophilosophy, Social life and customs, Ethnophilosophie, Ethnosciences, Autochtones, SOCIAL SCIENCE, Discrimination & Race Relations, Minority Studies",2002.0,,,9781351927970,und,open_library,indigenous_knowledge_americas,Indigenous Knowledge ecology
/works/OL25333740W,Indigenous Intergenerational Resilience,Lewis Williams,,"Traditional ecological knowledge, Ethnoecology, Indigenous peoples, Social conditions, Social life and customs, Human beings, Effect of climate on, Intergenerational relations, Resilience (Personality trait), Climatic changes, Social aspects, Culture conflict, Culture shock, Savoirs écologiques traditionnels, Ethnoécologie",2021.0,,,9781000472318,eng,open_library,indigenous_knowledge_americas,Indigenous Knowledge ecology
/works/OL11893544W,Indigenous knowledge systems and sustainable development,"International Conference on Indigenous Knowledge Systems (IKS) in Africa and Their Relevance to Sustainable Development (2005 Human Ecology Dept., Vrije Universiteit Brussel)",,"Ethnoscience, Congresses, Sustainable development, Traditional ecological knowledge",2007.0,,,8185264465,eng,open_library,indigenous_knowledge_americas,Indigenous Knowledge ecology
/works/OL21697318W,Routledge Handbook of Indigenous Environmental Knowledge,"Thomas F. Thornton, Shonil A. Bhagwat",,"Ecology, Geography, Developing countries",2020.0,,,1315270846,eng,open_library,indigenous_knowledge_americas,Indigenous Knowledge ecology
/works/OL8418434W,Traditional Ecological Knowledge and Natural Resource Management,Charles R. Menzies,,"Traditional ecological knowledge, Conservation of natural resources, Ecology, Indigenous peoples, Natural resources, management, Experiential learning, Ethnoecology",2006.0,,,0803283199,eng,open_library,indigenous_knowledge_americas,Indigenous Knowledge ecology
/works/OL35975819W,Indigenous traditional ecological knowledge in agroforestry,Colleen Rossier,,"Agroforestry, Ethnobotany, Traditional ecological knowledge",2013.0,,,,eng,open_library,indigenous_knowledge_americas,Indigenous Knowledge ecology
/works/OL19507904W,Indigenous heritage and intellectual property,Silke von Lewinski,,"Ethnoscience, Protection, Cultural property, Indigenous peoples, Intellectual property, Law and legislation, Legal status, laws, Traditional ecological knowledge",2003.0,,,9041122184,eng,open_library,indigenous_knowledge_americas,Indigenous Knowledge ecology
/works/OL22535388W,Indigenous Knowledge for Climate Change Assessment and Adaptation,"Douglas Nakashima, Igor Krupnik, Jennifer T. Rubis",,"Climatic changes, Human beings, Effect of climate on, Case studies, Traditional ecological knowledge, Ethnoecology, SCIENCE / Earth Sciences / Meteorology & Climatology, Klima©Þnderung, Lokales Wissen, ©kologie",2017.0,,,9781316481066,eng,open_library,indigenous_knowledge_americas,Indigenous Knowledge ecology
/works/OL21069404W,"Intellectual Property, Indigenous People and Their Knowledge",Peter Drahos,,"Intellectual property, Indigenous peoples, legal status, laws, etc., Experiential learning, Indigenous peoples, Legal status, laws, Traditional ecological knowledge, LAW / Intellectual Property / General, Ethnopharmacology",2014.0,,,9781139950602,eng,open_library,indigenous_knowledge_americas,Indigenous Knowledge ecology
/works/OL42412368W,Indigenous Critical Reflections on Traditional Ecological Knowledge,Lara A. Jacobs,,,2025.0,,,9781962645324,eng,open_library,indigenous_knowledge_americas,Indigenous Knowledge ecology
/works/OL26509587W,Traditional Ecological Knowledge in Georgia,Zaal Kikvidze,,Indigenous peoples,2020.0,,,9781000326673,eng,open_library,indigenous_knowledge_americas,Indigenous Knowledge ecology
/works/OL18234246W,Voices from the forest,Malcolm Cairns,,"Sustainable agriculture, Traditional farming, Ecology, Indigenous peoples, Shifting cultivation, Forest conservation, Fallow lands, Forest degradation, Ethnoecology, Agriculture traditionnelle, Agriculture itinérante, Agriculture durable, Jachères, Ethnoécologie, Forêts",2005.0,,,1136522271,eng,open_library,indigenous_knowledge_americas,Indigenous Knowledge ecology
/works/OL16819897W,Braiding Sweetgrass,Robin Wall Kimmerer,,"Botany, Ecology, Potawatomi Indians, Indian philosophy, Philosophy of nature, Human-plant relationships, Effect of human beings on, Nature, Indigenous peoples, Philosophy, Social life and customs, Human ecology, Biography, SCIENCE / Life Sciences / Botany, SOCIAL SCIENCE / Ethnic Studies / Native American Studies",2013.0,4.6153846,13.0,1571313567,spa,open_library,indigenous_knowledge_americas,Indigenous ecological knowledge
/works/OL28701732W,African Indigenous Ecological Knowledge Systems,Ikechukwu Anthony Kanu,,,2022.0,,,1665599596,eng,open_library,indigenous_knowledge_americas,Indigenous ecological knowledge
/works/OL16135862W,Ben tu sheng tai zhi shi yin lun =,Tingshuo Yang,,"Ethnobiology, Ethnoscience, Ecology, Indigenous peoples",2010.0,,,7105109998,chi,open_library,indigenous_knowledge_americas,Indigenous ecological knowledge
/works/OL1975475W,Sacred ecology,Fikret Berkes,,"Environmental conditions, Case studies, Traditional ecological knowledge, Philosophy, Environmental sciences, Social change, Indigenous peoples, Human ecology, Native peoples, Sciences de l'environnement, Changement social, Umweltwissenschaften, Ecology, Ecologie, Philosophie",1999.0,,,9780415958295,eng,open_library,indigenous_knowledge_americas,Indigenous ecological knowledge
/works/OL21243989W,"Indigenous Knowledge, Ecology, and Evolutionary Biology",Raymond Pierotti,,"Indigenous peoples, Evolution, Experiential learning",2010.0,,,9781136938962,eng,open_library,indigenous_knowledge_americas,Indigenous ecological knowledge
/works/OL17438481W,Ancient Pathways Ancestral Knowledge Ethnobotany And Ecological Wisdom Of Indigenous Peoples Of Northwestern North America,Nancy J. Turner,,"Indians of north america, canada, Northwestern states, history, Experiential learning, Indians of North America, Ethnobotany, Traditional ecological knowledge",2014.0,,,9780773585409,eng,open_library,indigenous_knowledge_americas,Indigenous ecological knowledge
/works/OL1054919W,Biopiracy,Vandana Shiva,,"Patents, Law and legislation, Genetic engineering, Animals, Economic aspects of Patents, Cultivated Plants, Legal status, laws, Foreign trade regulation, Indigenous peoples, Biotechnology, Risk assessment, Traditional ecological knowledge, Agricultural biotechnology, Biological diversity conservation, Biopiracy",1997.0,4.0,1.0,1870098749,eng,open_library,indigenous_knowledge_americas,Indigenous ecological knowledge
/works/OL20591920W,Traditional Ecological Knowledge,Melissa K. Nelson,,"Environmental protection, Sustainability",2018.0,,,9781108428569,eng,open_library,indigenous_knowledge_americas,Indigenous ecological knowledge
/works/OL18208113W,Indigenous religions,Graham Harvey,,"Religion, Indigenous peoples, Dreaming, Autochtones, Indigenes Volk, Magic and sorcery, Creation, Cosmology, Religions, Inheemse volken, Godsdiensten, Christianity, Religion primitive, Aufsatzsammlung",2000.0,,,1138202428,eng,open_library,indigenous_knowledge_americas,Indigenous ecological knowledge
/works/OL18348075W,"Science, colonialism, and indigenous peoples",Laurelyn Whitt,,"Sociological jurisprudence, Indigenous peoples, Intellectual property, Traditional ecological knowledge, Law and legislation, Legal status, laws, Indigenous peoples, legal status, laws, etc., Indians of North America, Experiential learning",2009.0,,,9780511604300,eng,open_library,indigenous_knowledge_americas,Indigenous ecological knowledge
/works/OL37858406W,"Traditional Ecological Knowledge , Ethnoecology, It's Use in Indigenous Communities and Native America","Tyler Pounds, New Mexico State University Writing Center",,"Science, Social sciences",2024.0,,,9798987534052,eng,open_library,indigenous_knowledge_americas,Indigenous ecological knowledge
/works/OL15318695W,Protecting Indigenous Knowledge and Heritage,James Youngblood Henderson,,"Ethnoscience, Eurocentrism, Legal status, laws, Indigenous peoples, Indigenous peoples, canada, Intellectual property, Cultural property, Traditional ecological knowledge, Law and legislation, Indigenous peoples--legal status, laws, etc, Indigenous peoples--legal status, laws, etc--canada, Cultural property--canada, Intellectual property--canada, Indigenous peoples--canada, Ke7722.i58 b38 2000",2000.0,,,189583015X,eng,open_library,indigenous_knowledge_americas,Indigenous ecological knowledge
/works/OL19588689W,Participating in development,"Paul Sillitoe, Alan Bicker, Johan Pottier",,"Community development, Ethnoscience, Technical assistance, Applied anthropology, Technical assistance, developing countries, Community development, developing countries, Indigenous peoples, Ecology, Natural resources management areas, Ethnoecology, POLITICAL SCIENCE, Public Policy, City Planning & Urban Development, Anthropological aspects",2002.0,,,1134514042,eng,open_library,indigenous_knowledge_americas,Indigenous ecological knowledge
/works/OL6082026W,Global Biopiracy,Ikechi Mgbeoji,,"Biodiversity, Biotechnology, Cultivated Plants, Ethnobotany, Ethnopharmacology, Foreign trade regulation, Indigenous peoples, Law and legislation, Legal status, laws, Patents, Protection of Plants, Traditional ecological knowledge, Plantes, Brevets d'invention, Savoirs écologiques traditionnels",2005.0,,,9780774811521,eng,open_library,indigenous_knowledge_americas,Indigenous ecological knowledge
/works/OL18409453W,Indigenous traditions and ecology,John Grim,,"Environmental degradation, Ecology, Environmental ethics, Religious aspects, Ethnophilosophy, Cosmology, Religion, Indigenous peoples, Environnement, Primitieve volken, Ethnophilosophie, Éthique de l'environnement, Aspect religieux, Inheemse volken, Écologie",2001.0,,,0945454287,eng,open_library,indigenous_knowledge_americas,Indigenous ecological knowledge
/works/OL8834940W,Red alert!,Daniel R. Wildcat,,"Traditional ecological knowledge, Human ecology, Ecology, Indigenous peoples",2009.0,,,9781458778048,eng,open_library,indigenous_knowledge_americas,Indigenous ecological knowledge
/works/OL15297674W,Indigenous Peoples Wisdom and Power,"Julian Kunnie, Nomalungelo L. Goduka",,"Religion, Ethnoscience, Indigenous peoples, Ethnophilosophy, Social life and customs, Ethnophilosophie, Ethnosciences, Autochtones, SOCIAL SCIENCE, Discrimination & Race Relations, Minority Studies",2002.0,,,9781351927970,und,open_library,indigenous_knowledge_americas,Indigenous ecological knowledge
/works/OL25333740W,Indigenous Intergenerational Resilience,Lewis Williams,,"Traditional ecological knowledge, Ethnoecology, Indigenous peoples, Social conditions, Social life and customs, Human beings, Effect of climate on, Intergenerational relations, Resilience (Personality trait), Climatic changes, Social aspects, Culture conflict, Culture shock, Savoirs écologiques traditionnels, Ethnoécologie",2021.0,,,9781000472318,eng,open_library,indigenous_knowledge_americas,Indigenous ecological knowledge
/works/OL21697318W,Routledge Handbook of Indigenous Environmental Knowledge,"Thomas F. Thornton, Shonil A. Bhagwat",,"Ecology, Geography, Developing countries",2020.0,,,1315270846,eng,open_library,indigenous_knowledge_americas,Indigenous ecological knowledge
/works/OL8418434W,Traditional Ecological Knowledge and Natural Resource Management,Charles R. Menzies,,"Traditional ecological knowledge, Conservation of natural resources, Ecology, Indigenous peoples, Natural resources, management, Experiential learning, Ethnoecology",2006.0,,,0803283199,eng,open_library,indigenous_knowledge_americas,Indigenous ecological knowledge
/works/OL35975819W,Indigenous traditional ecological knowledge in agroforestry,Colleen Rossier,,"Agroforestry, Ethnobotany, Traditional ecological knowledge",2013.0,,,,eng,open_library,indigenous_knowledge_americas,Indigenous ecological knowledge
/works/OL15046728W,"Indigenous knowledge, ecology, and evolutionary biology",Raymond John Pierotti,,"Traditional ecological knowledge, Ethnoscience, Ecology, Evolution (Biology), Indigenous peoples, Evolution, Ethnology, Biology, Ethnoecology, Ethnoécologie, Savoirs écologiques traditionnels, Ethnosciences, SOCIAL SCIENCE, Human Geography",2010.0,,,9780415879248,eng,open_library,indigenous_knowledge_americas,Indigenous ecological knowledge
/works/OL19507904W,Indigenous heritage and intellectual property,Silke von Lewinski,,"Ethnoscience, Protection, Cultural property, Indigenous peoples, Intellectual property, Law and legislation, Legal status, laws, Traditional ecological knowledge",2003.0,,,9041122184,eng,open_library,indigenous_knowledge_americas,Indigenous ecological knowledge
/works/OL22535388W,Indigenous Knowledge for Climate Change Assessment and Adaptation,"Douglas Nakashima, Igor Krupnik, Jennifer T. Rubis",,"Climatic changes, Human beings, Effect of climate on, Case studies, Traditional ecological knowledge, Ethnoecology, SCIENCE / Earth Sciences / Meteorology & Climatology, Klima©Þnderung, Lokales Wissen, ©kologie",2017.0,,,9781316481066,eng,open_library,indigenous_knowledge_americas,Indigenous ecological knowledge
/works/OL21069404W,"Intellectual Property, Indigenous People and Their Knowledge",Peter Drahos,,"Intellectual property, Indigenous peoples, legal status, laws, etc., Experiential learning, Indigenous peoples, Legal status, laws, Traditional ecological knowledge, LAW / Intellectual Property / General, Ethnopharmacology",2014.0,,,9781139950602,eng,open_library,indigenous_knowledge_americas,Indigenous ecological knowledge
/works/OL42412368W,Indigenous Critical Reflections on Traditional Ecological Knowledge,Lara A. Jacobs,,,2025.0,,,9781962645324,eng,open_library,indigenous_knowledge_americas,Indigenous ecological knowledge
/works/OL26509587W,Traditional Ecological Knowledge in Georgia,Zaal Kikvidze,,Indigenous peoples,2020.0,,,9781000326673,eng,open_library,indigenous_knowledge_americas,Indigenous ecological knowledge
/works/OL18234246W,Voices from the forest,Malcolm Cairns,,"Sustainable agriculture, Traditional farming, Ecology, Indigenous peoples, Shifting cultivation, Forest conservation, Fallow lands, Forest degradation, Ethnoecology, Agriculture traditionnelle, Agriculture itinérante, Agriculture durable, Jachères, Ethnoécologie, Forêts",2005.0,,,1136522271,eng,open_library,indigenous_knowledge_americas,Indigenous ecological knowledge
/works/OL28626688W,Socio-Ecological Systems and Decoloniality,"Deepa Pullanikkatil, Kerry Hughes",,,2023.0,,,9783031150968,eng,open_library,indigenous_knowledge_americas,Indigenous ecological knowledge
/works/OL18848791W,Sovereign subjects,Aileen Moreton-Robinson,,"Politics and government, Race relations, Aboriginal Australians, Self-determination, National, Land tenure, Australia, race relations, Australia, politics and government, Discrimination, Australiens (Aborigènes), Terres, Droit des peuples à disposer d'eux-mêmes, Relations raciales, Politique et gouvernement, SOCIAL SCIENCE, Discrimination & Race Relations",2007.0,,,100311735X,eng,open_library,indigenous_knowledge_americas,Indigenous ecological knowledge
/works/OL39130581W,Indigenous Land-Based Knowledge and Sustainability,"Ranjan Datta, Jebunnessa Chapola, John Bosco Acharibasam",,Economic history,2024.0,,,9781032749051,eng,open_library,indigenous_knowledge_americas,Indigenous land based knowledge
/works/OL43665945W,Land-based education,Herman Michell,,"Cree Indians, Education, Traditional ecological knowledge",2018.0,,,9781926476193,eng,open_library,indigenous_knowledge_americas,Indigenous land based knowledge
/works/OL43871405W,Indigenous food systems,"Priscilla Settee, Shailesh Shukla",,"Indians of North America, Food, Case studies, Food security, Food sovereignty, Indiens d'Amérique, Alimentation, Études de cas, Sécurité alimentaire, Souveraineté alimentaire",2020.0,,,9781773381091,eng,open_library,indigenous_knowledge_americas,Indigenous land based knowledge
/works/OL719656W,The earth's blanket,"Nancy J. Turner, K. Sivaramakrishnan",,"Conservation of natural resources, Ecology, Environmental protection, Ethnobotany, Ethnoscience, Human ecology, Indians of North America, Indians of North AmericaAgricluture, Indigenous peoples, Nature conservation, Philosophy, Philosophy of nature, Sustainable development, Environnement, Autochtones",2004.0,,,9781553650812,eng,open_library,indigenous_knowledge_americas,Indigenous land based knowledge
/works/OL44446086W,People of the Himalayas,Kanak Chandra Mahanta,,"Indigenous peoples, Human ecology, Economic conditions, Social conditions",1997.0,,,818526418X,eng,open_library,indigenous_knowledge_americas,Indigenous land based knowledge
/works/OL32449175W,Tribal's and social inclusion,"Suchismita Mishra, D. C. Nanjunda",,"Scheduled tribes, Government policy, Tribes, Rural development",2017.0,,,9789385161537,eng,open_library,indigenous_knowledge_americas,Indigenous land based knowledge
/works/OL32609270W,Catholicism's encounters with China,"Chen, Congming (Historian)",,"Missions, Church history, Catholic Church",2018.0,,,9492768038,eng,open_library,indigenous_knowledge_americas,Indigenous land based knowledge
/works/OL16938976W,Nile River Basin,Assefa M. Melesse,,"Geography, Pollution, Physical geography, Hydraulic engineering, Watersheds, Water-supply, africa, Nile river and valley, Climate, Hydrology, Water use, Waste Water Technology / Water Pollution Control / Water Management / Aquatic Pollution, Hydrogeology, Earth sciences, Climatic changes, Hydrology/Water Resources",2011.0,,,9789400706880,eng,open_library,indigenous_knowledge_americas,Indigenous land based knowledge
/works/OL19858500W,International encyclopedia of human geography,"N. J. Thrift, Rob Kitchin",,"Human geography, Encyclopedias",2009.0,,,0080449107,eng,open_library,indigenous_knowledge_americas,Indigenous land based knowledge
/works/OL1638964W,Report of the Royal Commission on Aboriginal Peoples,Royal Commission on Aboriginal Peoples (RCAP),,"Politics and government, Autochtones, Government relations, Indians of North America, Native peoples, Conditions sociales, Conditions économiques, Metís, Social conditions, Politique et gouvernement, Economic conditions, Relations avec l'État, Government relation, Inuit, Indigenous Health Services",1996.0,,,0660164140,eng,open_library,indigenous_knowledge_americas,Indigenous land based knowledge
/works/OL32061664W,Religion and development in southern and central Africa,"Religion, Citizenship and Development -- Southern African Perspectives (Conference) (2017 Harare, Zimbabwe)",,"Economic development, Congresses, Christianity, Citizenship, Religious aspects",2019.0,,,9996060381,eng,open_library,indigenous_knowledge_americas,Indigenous land based knowledge
/works/OL15712946W,THE MUSLIM DELUSION,Dr. Iqbal Syed Hussain,,"Islam, Religious awakening, Islamic renewal, Globalization, Religious aspects",2010.0,,,9694171474,eng,open_library,indigenous_knowledge_americas,Indigenous land based knowledge
/works/OL42823332W,A TOUR OF THE WORLD,"Malik Mansab Khan, Muhammad Rafique Abdul Aziz",,"Political Geography, Global Politics, Geopolitics, International Relations, Political Divisions, Nation States, Global History, World History, Geopolitical Divisions, Global Economics, World Geography, Demographics, Political Science, Global Awareness, World politics",2025.0,,,,eng,open_library,indigenous_knowledge_americas,Indigenous land based knowledge
/works/OL16077161W,Waldara Answers,William Swygard,,awareness,1975.0,,,,eng,open_library,indigenous_knowledge_americas,Indigenous land based knowledge
/works/OL16819897W,Braiding Sweetgrass,Robin Wall Kimmerer,,"Botany, Ecology, Potawatomi Indians, Indian philosophy, Philosophy of nature, Human-plant relationships, Effect of human beings on, Nature, Indigenous peoples, Philosophy, Social life and customs, Human ecology, Biography, SCIENCE / Life Sciences / Botany, SOCIAL SCIENCE / Ethnic Studies / Native American Studies",2013.0,4.6153846,13.0,1571313567,spa,open_library,indigenous_knowledge_americas,Indigenous environmental knowledge
/works/OL21697318W,Routledge Handbook of Indigenous Environmental Knowledge,"Thomas F. Thornton, Shonil A. Bhagwat",,"Ecology, Geography, Developing countries",2020.0,,,1315270846,eng,open_library,indigenous_knowledge_americas,Indigenous environmental knowledge
/works/OL20831606W,Indigenous Environmental Knowledge,John Edington,,Indigenous peoples,2017.0,,,3319873261,,open_library,indigenous_knowledge_americas,Indigenous environmental knowledge
/works/OL8306135W,Indigenous Environmental Knowledge and its Transformations,Roy Ellen,,"Indigenous peoples, Nature and nurture",2000.0,,,9789057024849,eng,open_library,indigenous_knowledge_americas,Indigenous environmental knowledge
/works/OL21309421W,Handbook of Indigenous Environmental Knowledge,"Thomas Thornton, Shonil Bhagwat",,"Indigenous peoples, Experiential learning, Ethnoecology, Traditional ecological knowledge, Ethnoécologie, Savoirs écologiques traditionnels, SCIENCE / Earth Sciences / Geography, SOCIAL SCIENCE / Third World Development",2018.0,,,9781138280915,eng,open_library,indigenous_knowledge_americas,Indigenous environmental knowledge
/works/OL19165821W,Indigenous environmental knowledge and its transformations,"R. F. Ellen, Alan Bicker",,"Ethnoscience, Ecology, Ethnobiology, Philosophy, Anthropologie, Aspect de l'environnement, Indigenous peoples, Philosophie, Ethnologie, Anthropology, Ethnoecology, Ethnosciences, SOCIAL SCIENCE, Human Geography, Environmental aspects",2000.0,,,9789057024832,eng,open_library,indigenous_knowledge_americas,Indigenous environmental knowledge
/works/OL1054919W,Biopiracy,Vandana Shiva,,"Patents, Law and legislation, Genetic engineering, Animals, Economic aspects of Patents, Cultivated Plants, Legal status, laws, Foreign trade regulation, Indigenous peoples, Biotechnology, Risk assessment, Traditional ecological knowledge, Agricultural biotechnology, Biological diversity conservation, Biopiracy",1997.0,4.0,1.0,1870098749,eng,open_library,indigenous_knowledge_americas,Indigenous environmental knowledge
/works/OL20591920W,Traditional Ecological Knowledge,Melissa K. Nelson,,"Environmental protection, Sustainability",2018.0,,,9781108428569,eng,open_library,indigenous_knowledge_americas,Indigenous environmental knowledge
/works/OL13646876W,Aboriginal environmental knowledge,Catherine Laudine,,"Ecology, Aboriginal Australian Philosophy, Indigenous peoples, Philosophy, Aboriginal Australian, Religion, Traditional ecological knowledge, Philosophy of nature, Human ecology, Aboriginal Australians, Food - Seafood, Ursprungsbefolkningar, Environment - Land management, Humanekologi, Naturfilosofi, Umweltbewusstsein",2008.0,,,1317186087,eng,open_library,indigenous_knowledge_americas,Indigenous environmental knowledge
/works/OL988274W,Local Science Vs. Global Science,Paul Sillitoe,,,2006.0,,,1845450140,eng,open_library,indigenous_knowledge_americas,Indigenous environmental knowledge
/works/OL2965499W,Twenty lessons in environmental sociology,Kenneth Alan Gould,,"Effect of human beings on, Environmentalism, Human ecology, Nature, Social aspects, Social aspects of Environmentalism, Nature, effect of human beings on, Environmental sociology",2008.0,5.0,1.0,0195371127,eng,open_library,indigenous_knowledge_americas,Indigenous environmental knowledge
/works/OL20714690W,Cultural Studies and Environmentalism,"Deborah J. Tippins, Michael P. Mueller, Michiel van Eijck, Jennifer D Adams",,"Science, study and teaching, Environmentalism",2010.0,,,9400732996,eng,open_library,indigenous_knowledge_americas,Indigenous environmental knowledge
/works/OL26769192W,Resilience Through Knowledge Co-Production,"Marie Roué, Douglas Nakashima, Igor Krupnik",,,2022.0,,,1108838308,eng,open_library,indigenous_knowledge_americas,Indigenous environmental knowledge
/works/OL16184481W,Indigenous knowledge and the environment in Africa and North America,"David Malcolm Gordon, Shepard Krech",,"Traditional ecological knowledge, Ecology, Indigenous peoples, Indigenous peoples, africa, North america, environmental conditions, North america, history, Conservation of Natural Resources, History, Environment, Health Knowledge, Attitudes, Practice, Ethnology, Traditional Medicine, Public Policy, Ethnoecology",2012.0,,,0821444115,eng,open_library,indigenous_knowledge_americas,Indigenous environmental knowledge
/works/OL8303971W,Tending the Wild,"M. Kat Anderson, Kat Anderson",,"Indians of north america, agriculture, Indians of north america, history, Human ecology, Nature, effect of human beings on, United states, environmental conditions, Environmental Economics, Green Business, Natural Resources, Indians of North America, Nature, Effect of human beings on, History, Agriculture, Archaeology, BUSINESS & ECONOMICS",2005.0,,,0520933109,eng,open_library,indigenous_knowledge_americas,Indigenous environmental knowledge
/works/OL39130581W,Indigenous Land-Based Knowledge and Sustainability,"Ranjan Datta, Jebunnessa Chapola, John Bosco Acharibasam",,Economic history,2024.0,,,9781032749051,eng,open_library,indigenous_knowledge_americas,Indigenous environmental knowledge
/works/OL23104640W,Food and environmental security,International Union of Anthropological and Ethnological Sciences. Congress,,"Indigenous peoples, Congresses, Food, Nutrition, Food security, Environmental policy, Environmental protection, Indigenes Volk, Ernährung, Ernährungssicherung, Nachhaltigkeit, Lokales Wissen",2013.0,,,8177545094,eng,open_library,indigenous_knowledge_americas,Indigenous environmental knowledge
/works/OL25772080W,Environmental Humanities in the New Himalayas,"Dan Smyer Yü, Erik de Maaker",,"Human ecology, Ethnoecology, Traditional ecological knowledge, Indigenous peoples, Social life and customs, Environmental conditions, Civilization, Écologie humaine, Ethnoécologie, Savoirs écologiques traditionnels, Conditions environnementales, Civilisation, BUSINESS & ECONOMICS / Development / Sustainable Development, Ecology",2021.0,,,0367699818,eng,open_library,indigenous_knowledge_americas,Indigenous environmental knowledge
/works/OL9508543W,The Need for Indigenous Knowledge in Environmental Impact Assessment,Seth Appiah-opoku,,"Environmental policy, Environmental impact analysis, Environmental management, Traditional ecological knowledge",2005.0,,,0773461515,eng,open_library,indigenous_knowledge_americas,Indigenous environmental knowledge
/works/OL29029156W,Indigenous Knowledge and Development,Elizabeth Anne Olson,,"Indians of mexico, Indigenous peoples, Medicinal plants, Mexico, social life and customs, South america, environmental conditions",2014.0,,,9781306512312,eng,open_library,indigenous_knowledge_americas,Indigenous environmental knowledge
/works/OL43556342W,Intellectual property and aboriginal environmental knowledge,"Nancy M. Williams, Northern Territory University. Centre for Indigenous Natural and Cultural Resource Management",,"Intellectual property, Aboriginal Australians, Intellectual life, Cultural property, Protection, Environmental protection, Natural resources",1998.0,,,9781876483005,eng,open_library,indigenous_knowledge_americas,Indigenous environmental knowledge
/works/OL18660535W,"Landscape, process and power",Serena Heckler,,"Environmental education, Conservation of natural resources, Indigenous peoples, Ecology, Sustainable development, Ethnoecology, Congresses",2009.0,,,9780857456144,eng,open_library,indigenous_knowledge_americas,Indigenous environmental knowledge
/works/OL42313799W,The participation of indigenous peoples and the application of their environmental and ecological knowledge in the Arctic environmental protection strategy,Kenneth De La Barre,,"Inuit, Environmental protection, Research, Bibliography, Traditional ecological knowledge",1993.0,,,,eng,open_library,indigenous_knowledge_americas,Indigenous environmental knowledge
/works/OL1975475W,Sacred ecology,Fikret Berkes,,"Environmental conditions, Case studies, Traditional ecological knowledge, Philosophy, Environmental sciences, Social change, Indigenous peoples, Human ecology, Native peoples, Sciences de l'environnement, Changement social, Umweltwissenschaften, Ecology, Ecologie, Philosophie",1999.0,,,9780415958295,eng,open_library,indigenous_knowledge_americas,Indigenous environmental knowledge
/works/OL17496535W,Cultural Studies And Environmentalism The Confluence Of Ecojustice Placebased Science Education And Indigenous Knowledge Systems,Deborah Tippins,,"Science, Education, Study and teaching, Environmental law, Place-based education, Environnement - enseignement, Environmentalism, [études diverses], Écologie humaine, Science - enseignement, Science, study and teaching",2010.0,,,9048139287,,open_library,indigenous_knowledge_americas,Indigenous environmental knowledge
/works/OL20867279W,Cultural Hybridity and the Environment,Kirsten Maclean,,"Community development, Environmental management, Indigenous peoples",2015.0,,,9812873236,eng,open_library,indigenous_knowledge_americas,Indigenous environmental knowledge
/works/OL5866830W,Indigenous knowledge and biodiversity in Asia,"Asian Regional Conference on Indigenous Knowledge and Biodiversity (2003 Hanoi, Vietnam)",,"Ethnobiology, Congresses, Traditional ecological knowledge, Environmental protection, Biodiversity conservation",2004.0,,,,eng,open_library,indigenous_knowledge_americas,Indigenous environmental knowledge
/works/OL21071544W,Indigenous Knowledge and Development,Elizabeth Anne Olson,,"Indians of mexico, Indigenous peoples, Medicinal plants, Mexico, social life and customs, South america, environmental conditions, Indians of Mexico, Ethnobotany, Medicine, Ecology, Traditional ecological knowledge, Environmental conditions, Social life and customs",2014.0,,,0739176633,eng,open_library,indigenous_knowledge_americas,Indigenous environmental knowledge
/works/OL23940390W,Indigenous knowledge for biodiversity and development,National Workshop on Indigenous Knowledge (1996 National Museum of Kenya),,"Biodiversity conservation, Congresses, Ethnoscience, Traditional ecological knowledge, Indigenous peoples, Ecology, Natural resources, Management, Economic development, Environmental aspects, Biodiversity, Ethnoecology",2002.0,,,9966955127,eng,open_library,indigenous_knowledge_americas,Indigenous environmental knowledge
/works/OL18297560W,Valuing local knowledge,Stephen B. Brush,,"Ethnoscience, Sustainable development, Philosophy, Conservation of natural resources, Economic conditions, Environmental policy, Indigenous peoples, Human ecology, Economic aspects, Biological diversity, Forests and forestry, tropics, Forest ecology, Forest conservation, Biodiversity, Forests and forestry",1996.0,0.0,0.0,1559634251,eng,open_library,indigenous_knowledge_americas,Indigenous environmental knowledge
/works/OL21160906W,Aboriginal Biocultural Knowledge in South-Eastern Australia,"Fred Cahir, Clark, Ian D., Philip A. Clarke",,"Indigenous peoples, australia, Ethnobiology, Aboriginal Australians, Indigenous peoples",2018.0,,,9781486306114,eng,open_library,indigenous_knowledge_americas,biocultural knowledge Indigenous
/works/OL17459567W,Traditional Forestrelated Knowledge Sustaining Communities Ecosystems And Biocultural Diversity,Ronald L. Trosper,,"Life sciences, Ecology, Nature conservation, Philosophy of nature, Forests and forestry, Social sciences, Environmental sciences, Indigenous peoples, Experiential learning, Environmental aspects, Traditional ecological knowledge",2011.0,,,9789400721432,,open_library,indigenous_knowledge_americas,biocultural knowledge Indigenous
/works/OL20792654W,Traditional Forest-Related Knowledge,"John A. Parrotta, Ronald L. Trosper",,"Forests and forestry, Indigenous peoples, Experiential learning",2011.0,,,9789400737532,eng,open_library,indigenous_knowledge_americas,biocultural knowledge Indigenous
/works/OL16012716W,Biocultural diversity and indigenous ways of knowing,Karim-Aly S. Kassam,,"Cas, Études de, Cultural pluralism, Autochtones, Économie de subsistance, Savoirs écologiques traditionnels, Subsistence economy, Indigenous peoples, Pluralisme, Case studies, Conservation, Biodiversité, Traditional ecological knowledge, Human ecology, Écologie humaine, Biodiversity conservation",2009.0,,,9781552382530,eng,open_library,indigenous_knowledge_americas,biocultural knowledge Indigenous
/works/OL16321026W,Bio-cultural diversity conserved by indigenous peoples & local communities-- examples & analysis,,,"Social aspects, Traditional ecological knowledge, Multiculturalism, Economic aspects, Biodiversity conservation",2010.0,,,2831713080,eng,open_library,indigenous_knowledge_americas,biocultural knowledge Indigenous
/works/OL22785778W,"Patrimonio biocultural, territorio y soc",Varios,,"Indians of South America, Congresses, Social conditions, Indians of Mexico, Blacks, Cultural property, Human ecology, Traditional ecological knowledge, Indigenous peoples, Ecology, Social movements, Politics and government, Civilization, African influences, Multiculturalism",2013.0,,,9789871891412,,open_library,indigenous_knowledge_americas,biocultural knowledge Indigenous
/works/OL18392208W,Intellectual property rights for indigenous peoples,Tom Greaves,,"Intellectual property, Indigenous peoples",1994.0,,,,eng,open_library,indigenous_knowledge_americas,biocultural knowledge Indigenous
/works/OL22540630W,When Rights Embrace Responsibilities,Giulia Sajeva,,"Biodiversity conservation, Indigenous peoples, Environmental protection, International Environmental law, Social aspects, Conservation of natural resources, Law and legislation, Civil rights, Group rights, International law and human rights, Human rights, Environmental aspects, Ethnoecology, Traditional ecological knowledge, Environment",2018.0,,,0199485151,eng,open_library,indigenous_knowledge_americas,biocultural knowledge Indigenous
/works/OL23318008W,"Patrimonio biocultural, saberes y derechos de los pueblos originarios","Saberes Ambientales y Derechos de los Pueblos Originarios"" (1st 2010 Universidad Intercultural de Chiapas) Foro Internacional ""Patrimonio Biocultural",,"Indigenous peoples, Congresses, Ecology, Biodiversity conservation, Traditional ecological knowledge, Indians, Science, Economic development, Legal status, laws, Environmental aspects",2012.0,,,6079147432,spa,open_library,indigenous_knowledge_americas,biocultural knowledge Indigenous
/works/OL19371381W,Learning endogenous development,COMPAS (Project),,"Ethnoscience, Ecology, Rural development projects, Traditional ecological knowledge, Ethnophilosophy, Community development, Biodiversity, Indigenous peoples, Economic development, Rural population",2007.0,,,9781853396649,eng,open_library,indigenous_knowledge_americas,biocultural knowledge Indigenous
/works/OL23317828W,Conocimiento indígena contemporáneo y patrimonio biocultural en la Sierra Juárez de Oaxaca,"Mario Enrique Fuente Carrasco, Faustino Ruiz Aquino, Ciro Aquino Vásquez",,"Traditional ecological knowledge, Indigenous peoples, Ecology, Cultural property, Economic conditions, Indians of Mexico, Ethnobiology, Civilization",2012.0,,,9786079599119,spa,open_library,indigenous_knowledge_americas,biocultural knowledge Indigenous
/works/OL33275723W,El patrimonio biocultural de los pueblos indígenas de México,Eckart Boege,,"Biodiversity conservation, Agrobiodiversity conservation, Indians of Mexico, Agriculture, Science, Traditional ecological knowledge, Indigenous peoples, Ecology, Sustainable development, Ecosystem management",2008.0,,,9789680303854,spa,open_library,indigenous_knowledge_americas,biocultural knowledge Indigenous
/works/OL16701800W,Genetic resources and traditional knowledge,"Tania Bubela, E. Richard Gold",,"Traditional ecological knowledge, Civil rights, Law and legislation, Case studies, Germplasm resources conservation, Indigenous peoples, Legal status, laws, Biodiversity conservation, Germplasm resources, Indigenous peoples, legal status, laws, etc.",2012.0,,,9781848442238,eng,open_library,indigenous_knowledge_americas,biocultural knowledge Indigenous
/works/OL15598593W,Ethno-ornithology,Sonia Tidemann,,"Human-animal relationships, Ethnoornithology",2010.0,,,9781844077830,eng,open_library,indigenous_knowledge_americas,biocultural knowledge Indigenous
/works/OL18673347W,Biodiversity and the law,Charles R. McManis,,"Intellectual property, Biotechnology, Law and legislation, Biodiversity conservation, Traditional ecological knowledge, Biodiversity",2009.0,,,9781844078165,eng,open_library,indigenous_knowledge_americas,biocultural knowledge Indigenous
/works/OL15633721W,Biodiversity and the law,Charles R. McManis,,"Intellectual property, Biotechnology, Law and legislation, Biodiversity conservation, Traditional ecological knowledge",2009.0,,,1844078167,eng,open_library,indigenous_knowledge_americas,biocultural knowledge Indigenous
/works/OL19723617W,The profit of the earth,Courtney Fullilove,,"Wheat, Plant introduction, Seed industry and trade, Seeds, Breeding, Harvesting, Plant diversity conservation, History",2017.0,,,9780226454863,eng,open_library,indigenous_knowledge_americas,biocultural knowledge Indigenous
/works/OL26194344W,Patterns of commoning,"David Bollier, Silke Helfrich",,"Commons, Philosophy, Public spaces, Political aspects, Spatial behavior, Community life, Zivilgesellschaft, Gemeineigentum, Marktversagen, Staatsversagen",2015.0,,,9781937146832,eng,open_library,indigenous_knowledge_americas,biocultural knowledge Indigenous
/works/OL25588522W,Non-Humans in Amerindian South America,Juan Javier Rivera Andía,,"Indians of South America, Religion, Social life and customs",2018.0,,,1789200989,eng,open_library,indigenous_knowledge_americas,Indigenous cosmology Americas
/works/OL13640652W,"INTERNATIONAL RELATIONS IN UNCOMMON PLACES: INDIGENEITY, COSMOLOGY, AND THE LIMITS OF INTERNATIONAL..",J. MARSHALL BEIER,,"Indians of north america, government relations, Indians of north america, politics and government, Cultural relations, North america, race relations, North america, politics and government, Indians of North America, Government relations, Indian cosmology, Politics and government, Hegenomy, International relations, Race relations, Relations, Hegemony",2005.0,,,1403969027,und,open_library,indigenous_knowledge_americas,Indigenous cosmology Americas
/works/OL44855078W,Civiltà indigene d'America,"Grazia Marchianò, Jean-Louis Michon",,"Indians, Religion, Rites and ceremonies, Shamanism, Indian cosmology",2015.0,,,8863727864,ita,open_library,indigenous_knowledge_americas,Indigenous cosmology Americas
/works/OL21117991W,"Spirits of Blood, Spirits of Breath",Barbara Alice Mann,,"Indians of north america, religion, Indians of north america, social conditions, Indian philosophy, north america, Indian philosophy, Religion, Indian cosmology, Indians of North America, Social life and customs",2016.0,,,0199997195,eng,open_library,indigenous_knowledge_americas,Indigenous cosmology Americas
/works/OL21024124W,International Relations in Uncommon Places,J. Marshall Beier,,"Cultural relations, Indians of north america, politics and government, North america, politics and government, North america, race relations, Indians of north america, government relations",2008.0,,,9781281368171,eng,open_library,indigenous_knowledge_americas,Indigenous cosmology Americas
/works/OL32475479W,Culturas visuales indígenas y las prácticas estéticas en las Américas desde la antigüedad hasta el presente,"Sanja Savkić, Hannah Baader",,"Indian aesthetics, Indian art, Indian cosmology, Indians, Urban residence, Antiquities, Arts and society, Indigenous peoples, Arts",2019.0,0.0,0.0,9783786128311,spa,open_library,indigenous_knowledge_americas,Indigenous cosmology Americas
/works/OL20005082W,A Cree healer and his medicine bundle,David E. Young,,"Cree Indians, Medicinal plants, Medicine, Biography, Philosophy, Shamans, Traditional medicine, Indians of north america, southern states, Indians of north america, biography, Indians of north america, medicine, Canada, biography",2015.0,,,9781583949030,eng,open_library,indigenous_knowledge_americas,Indigenous cosmology Americas
/works/OL24015886W,La reconnaissance des peuples indigènes entre droit et politique,Françoise Martinat,,"Indians of South America, Government relations, Indian cosmology, Legal status, laws, Indiens d'Amérique, Relations avec l'État, Droits, Politique et gouvernement",2005.0,,,2859398872,fre,open_library,indigenous_knowledge_americas,Indigenous cosmology Americas
/works/OL29318968W,Lo humano y lo divino,Falchetti Ana María,,"Indian metal-work, History, Metallurgy, Indians, Antiquities, Indian cosmology, Indian mythology, Indigenes Volk, Kosmologie, Metall, Präkolumbische Zeit, Symbolik",2014.0,,,9789588852546,spa,open_library,indigenous_knowledge_americas,Indigenous cosmology Americas
/works/OL19941922W,Sacred sites,Susan Suntree,,"History, Indians of North America, Natural history, Indian mythology, Poetry, Cosmology, Poetry (poetic works by one author), West (u.s.), history",2010.0,,,9780803234642,eng,open_library,indigenous_knowledge_americas,Indigenous cosmology Americas
/works/OL18861146W,"New world, first nations","David Patrick Cahill, Blanca Tovías",,"First contact with Europeans, Indians of Mexico, Indians of South America, History, Indians of central america, Central america, Andes region, Spain, colonies, america, First contact with other peoples, Congresses",2006.0,,,1903900638,und,open_library,indigenous_knowledge_americas,Indigenous cosmology Americas
/works/OL43605697W,Arte indígena en tiempos del bicentenario,"María Alba Bovisio, Juan Carlos Radovich",,"Indian art, Indigenous art, Indians of South America, Indian cosmology",2011.0,,,9789879161791,spa,open_library,indigenous_knowledge_americas,Indigenous cosmology Americas
/works/OL4458249W,The snake with golden braids,Stephen G. Bunker,,"Agriculture, Ecology, Environmental conditions, History, Indian cosmology, Indians of South America, Indigenous peoples, Irrigation engineering, Irrigation farming, Landscape assessment, Social conditions, Indians of south america, agriculture, Peru, social conditions, Ethnoecology",2005.0,,,0739111973,eng,open_library,indigenous_knowledge_americas,Indigenous cosmology Americas
/works/OL2572191W,The mystical chorus,Donald Broadribb,,"Religion, Buddhism, Indians of North America, Mysticism, Aboriginal Australians, Christianity, Stories and motifs - Creation / Cosmology, Indigenous peoples - North America",1995.0,,,9781864290196,eng,open_library,indigenous_knowledge_americas,Indigenous cosmology Americas
/works/OL24083165W,Visión indigena,Ramón Nenadich Deglans,,"Indian cosmology, Congresses, Indian philosophy, Indians of South America, Religion, Indians of Central America, Social life and customs, Religious life and customs, Indigenous peoples",2005.0,,,,spa,open_library,indigenous_knowledge_americas,Indigenous cosmology Americas
/works/OL17577990W,Aymara Indian Perspectives On Development In The Andes,Amy Eisenberg,,"Indigenous peoples, Economic development, South america, environmental conditions, Indians of south america, social conditions, Indians of south america, history, Ecology, Aymara Indians, Aymara cosmology, Environmental conditions, Rural development, Social conditions, History",2013.0,,,0817386661,eng,open_library,indigenous_knowledge_americas,Indigenous cosmology Americas
/works/OL18388478W,Mesoamerica's classic heritage,"David Carrasco, Lindsay Jones, Scott Sessions, Lindsay Jones, Edited by Davíd Carrasco, Davíd Carrasco",,"Indians of Mexico, Antiquities, American history: pre-Columbian period, BCE to c 1500, Indigenous peoples, North American archaeology, Pre-Columbian Archaeology, Archaeology / Anthropology, Sociology, Social Science, Mexico, North America, The Americas, Ethnic Studies - Native American Studies, Ancient - General, Anthropology - Cultural",1999.0,,,9780870817007,eng,open_library,indigenous_knowledge_americas,Indigenous cosmology Americas
/works/OL15895284W,Berkshire Encyclopedia of Sustainability Vol. 1,Willis Jenkins,,"Environmental quality, Environmental protection, Sustainable development, religion and sustainability, religion, sustainability, berkshire publishing",2009.0,,,1933782153,eng,open_library,indigenous_knowledge_americas,Indigenous cosmology Americas
/works/OL5871105W,"Paraíso abierto, jardines cerrados","Encuentro Saberes Indígenas: Cosmología, Ecología y Política (2000 Florianópolis, Santa Catarina, Brazil)",,"Congresses, Ecology, Indian cosmology, Indigenous peoples, Traditional ecological knowledge, Indian philosophy, Philosophy of nature, Biodiversity, Indians of South America, Ethnobotany, Indian mythology, Religion, Rites and ceremonies, Ethnoecology",2004.0,,,9978224076,spa,open_library,indigenous_knowledge_americas,Indigenous cosmology Americas
/works/OL11824862W,Encuentro de dos,Rosario Pérez Mendoza,,"Indians of South America, Social life and customs, Health and hygiene, Traditional medicine, Indian cosmology, Medicine, Indigenous Health Services, Cultural Anthropology, South American Indians",2007.0,,,,spa,open_library,indigenous_knowledge_americas,Indigenous cosmology Americas
/works/OL16547360W,Inside cultures,William L. Balée,,"Ethnology, SOCIAL SCIENCE / Anthropology / Cultural",2012.0,,,9781629582559,eng,open_library,indigenous_knowledge_americas,Indigenous cosmology Americas
/works/OL16547361W,Inside cultures,William L. Balée,,"Ethnology, SOCIAL SCIENCE / Anthropology / Cultural",2012.0,,,1598746057,eng,open_library,indigenous_knowledge_americas,Indigenous cosmology Americas
/works/OL17012319W,Reclaiming indigenous voice and vision,Marie Battiste,,"Decolonization, Indigenous peoples, Autochtones, Décolonisation",2000.0,,,0774842474,eng,open_library,indigenous_knowledge_americas,Indigenous worldviews nature
/works/OL15297674W,Indigenous Peoples Wisdom and Power,"Julian Kunnie, Nomalungelo L. Goduka",,"Religion, Ethnoscience, Indigenous peoples, Ethnophilosophy, Social life and customs, Ethnophilosophie, Ethnosciences, Autochtones, SOCIAL SCIENCE, Discrimination & Race Relations, Minority Studies",2002.0,,,9781351927970,und,open_library,indigenous_knowledge_americas,Indigenous worldviews nature
/works/OL18480123W,Paradigm wars,"Jerry Mander, Victoria Tauli-Corpuz",,"Anti-globalization movement, Environmental degradation, Globalization, Culture and globalization, Economic conditions, Indigenous peoples, Social conditions, Autochtones, Conditions économiques, Conditions sociales, Culture et mondialisation, Mondialisation, Antimondialisation, Environnement, Dégradation",2006.0,,,9781578051328,eng,open_library,indigenous_knowledge_americas,Indigenous worldviews nature
/works/OL42930736W,The Sām- Ūpmā Mundhum Philosophy,Dr. Nawa Raj Subba,,,2025.0,,,9937981093,,open_library,indigenous_knowledge_americas,Indigenous worldviews nature
/works/OL11604956W,Tecpán Guatemala,"Edward F. Fischer, Edward F. Fischer, Carol Elaine Hendrickson",,"Politics and government, Social life and customs, Political violence, Cakchikel Indians, Economic conditions, Social conditions, Cakchikel philosophy, Earthquakes, Anthropology, Indigenous peoples, Sociology, General, Tecpâan Guatemala, Social Science, Business / Economics / Finance",2002.0,,,9780813337227,eng,open_library,indigenous_knowledge_americas,Indigenous worldviews nature
/works/OL45857562W,YACHAY AMARU,Luis Ochoa Siguencia,,"Andean philosophy, Andean worldview, Cañari culture, Indigenous knowledge, Cultural memory, Ancestral wisdom, Philosophical fiction, Literary fiction, Ecuadorian literature, Latin American literature, Symbolism, Nature, Learning, Cultural heritage, Human development",2026.0,,,9788398109628,spa,open_library,indigenous_knowledge_americas,Indigenous worldviews nature
/works/OL18693130W,Framing the world,Paula Willoquet-Maricondi,,"Motion pictures, Social aspects, Human ecology in motion pictures, Environmental protection and motion pictures, Ecocriticism, Environmental protection, Motion pictures, social aspects, Criticism, General, English & college success -> english -> literary criticism, Ec",2010.0,,,9780813930053,eng,open_library,indigenous_knowledge_americas,Indigenous worldviews nature
/works/OL22096106W,Thai folklore,"Sirāphō̜n Thitathān Na Thalāng, Čhulālongkō̜nmahāwitthayālai. Khana ʻAksō̜nrasāt",,"Social life and customs, Folklore, Tales, Manners and customs in literature, Thai Folk literature, History and criticism",2000.0,,,9743460462,eng,open_library,indigenous_knowledge_americas,Indigenous worldviews nature
/works/OL45870419W,La joya del Inti,Luis Ochoa Siguencia,,"Andean literature, Ecuadorian literature, Andean fable, literary fable, philosophical fiction, Latin American literature, cultural memory, ancestral memory, Cañari culture, Andean worldview, Inti Raymi, Inti, Sun symbolism, indigenous knowledge, community",2026.0,,,9788397824898,,open_library,indigenous_knowledge_americas,Indigenous worldviews nature
/works/OL45870417W,El pacto de la laguna,Luis Ochoa Siguencia,,"Andean literature, Ecuadorian literature, Andean fable, literary fable, philosophical fiction, Latin American literature, cultural memory, oral tradition, community, communal ethics, nature, environmental ethics, water, lagoon, hunger",2026.0,,,,spa,open_library,indigenous_knowledge_americas,Indigenous worldviews nature
/works/OL45870429W,La miel de los cuatro vientos,Luis Ochoa Siguencia,,"Ecuadorian literature, Ecuadorian folklore, poetic legend, Latin American literature, fanesca, Ecuadorian traditions, cultural heritage, cultural memory, collective memory, ancestral memory, Andean worldview, Andean culture, indigenous traditions, oral tradition, mythology",2025.0,,,,,open_library,indigenous_knowledge_americas,Indigenous worldviews nature
/works/OL45870422W,Nina y la colada morada,Luis Ochoa Siguencia,,"Ecuadorian literature, Ecuadorian poetic legend, Latin American literature, magical realism, Andean literature, Ecuadorian folklore, cultural memory, Día de los Difuntos, Day of the Dead, colada morada, Ecuadorian traditions, ancestral tradition, oral tradition, mythology, indigenous culture",2025.0,,,9788397226296,spa,open_library,indigenous_knowledge_americas,Indigenous worldviews nature
/works/OL45870425W,La Leyenda de la Fanesca,Luis Ochoa Siguencia,,"Ecuadorian literature, Ecuadorian folklore, poetic legend, Latin American literature, fanesca, Ecuadorian traditions, Ecuadorian cultural heritage, cultural memory, collective memory, ancestral memory, Andean culture, Andean worldview, indigenous traditions, oral tradition, mythology",2025.0,,,9788397824829,,open_library,indigenous_knowledge_americas,Indigenous worldviews nature
/works/OL19116426W,Environmental studies,Thomas A. Easton,,"Environmental sciences, Environmental engineering, Environmental policy",2009.0,,,0073527580,eng,open_library,indigenous_knowledge_americas,Indigenous worldviews nature
/works/OL16819897W,Braiding Sweetgrass,Robin Wall Kimmerer,,"Botany, Ecology, Potawatomi Indians, Indian philosophy, Philosophy of nature, Human-plant relationships, Effect of human beings on, Nature, Indigenous peoples, Philosophy, Social life and customs, Human ecology, Biography, SCIENCE / Life Sciences / Botany, SOCIAL SCIENCE / Ethnic Studies / Native American Studies",2013.0,4.6153846,13.0,1571313567,spa,open_library,indigenous_knowledge_americas,Indigenous spirituality nature
/works/OL22147184W,Indigenous Sacred Natural Sites and Spiritual Governance,John Studley,,"Law, Sacred space, Law and legislation, Protected areas, Juristic persons, Locus standi, Nature, Religious aspects, Indigenous peoples (International law)",2018.0,,,9780429455797,eng,open_library,indigenous_knowledge_americas,Indigenous spirituality nature
/works/OL16618131W,Spiritual ecology,Leslie E. Sponsel,,"Ecology, Environmental ethics, Indigenous peoples, Philosophy of nature, Human ecology, Religious aspects, Human ecology, religious aspects, Ethnoecology",2012.0,3.0,1.0,0313364095,eng,open_library,indigenous_knowledge_americas,Indigenous spirituality nature
/works/OL26765996W,Sacred Forests of Asia,"Chris Coggins, Bixia Chen",,"Political ecology, Sacred space, Forest conservation, Écologie politique, Lieux sacrés, Forêts, Conservation, NATURE / General, NATURE / Ecology, NATURE / Environmental Conservation & Protection",2022.0,,,9781003143680,eng,open_library,indigenous_knowledge_americas,Indigenous spirituality nature
/works/OL15297674W,Indigenous Peoples Wisdom and Power,"Julian Kunnie, Nomalungelo L. Goduka",,"Religion, Ethnoscience, Indigenous peoples, Ethnophilosophy, Social life and customs, Ethnophilosophie, Ethnosciences, Autochtones, SOCIAL SCIENCE, Discrimination & Race Relations, Minority Studies",2002.0,,,9781351927970,und,open_library,indigenous_knowledge_americas,Indigenous spirituality nature
/works/OL18409453W,Indigenous traditions and ecology,John Grim,,"Environmental degradation, Ecology, Environmental ethics, Religious aspects, Ethnophilosophy, Cosmology, Religion, Indigenous peoples, Environnement, Primitieve volken, Ethnophilosophie, Éthique de l'environnement, Aspect religieux, Inheemse volken, Écologie",2001.0,,,0945454287,eng,open_library,indigenous_knowledge_americas,Indigenous spirituality nature
/works/OL15920414W,Indigenous religions,Stephen Hunt,,"Sex, Religion, Sexual behavior, Religious aspects, Indigenous peoples, Autochtones, BODY, MIND & SPIRIT, Spirituality, Paganism & Neo-Paganism, Comparative Religion, History, Homosexuality, Gender Identity",2010.0,,,9780754629603,eng,open_library,indigenous_knowledge_americas,Indigenous spirituality nature
/works/OL15413403W,Exploring the spiritualities of the world religions,Duncan S. Ferguson,,Religions,2010.0,,,1441146458,eng,open_library,indigenous_knowledge_americas,Indigenous spirituality nature
/works/OL16112820W,Down to earth,Clifford C. Cain,,"Human ecology, Ecotheology, Religious aspects, Nature, Nature, religious aspects, Environmental protection",2009.0,,,9780761846871,eng,open_library,indigenous_knowledge_americas,Indigenous spirituality nature
/works/OL18782220W,Exploring the spiritualities of the world religions,Duncan S. Ferguson,,"Religions, Religion, Weltreligion, Spiritualität",2010.0,,,9781441187376,eng,open_library,indigenous_knowledge_americas,Indigenous spirituality nature
/works/OL15598593W,Ethno-ornithology,Sonia Tidemann,,"Human-animal relationships, Ethnoornithology",2010.0,,,9781844077830,eng,open_library,indigenous_knowledge_americas,Indigenous spirituality nature
/works/OL19501347W,Cultural and spiritual values of biodiversity,Darrell A. Posey,,"Ecology, Philosophy, Indigenous peoples, Human ecology, Religious aspects, Biological diversity, Biodiversity, Biodiversity conservation, Ethnoscience, Ethnophilosophy, Ethnoecology, Ecosystem, Conservation of Natural Resources",2000.0,,,9781853393945,eng,open_library,indigenous_knowledge_americas,Indigenous spirituality nature
/works/OL3969856W,Yorro Yorro,"David Mowaljarlai, Jutta Malnic",,"Rock paintings, Antiquities, Religion, Aboriginal Australian Mythology, Astronomy, Aboriginal Australians, Social Science, Kimberley (W.A.), Sociology, Folklore & Mythology, Australia, Spiritual life, Australian indigenous studies, Anthropology, Australia, antiquities",1993.0,0.0,0.0,1875641726,eng,open_library,indigenous_knowledge_americas,Indigenous spirituality nature
/works/OL15055956W,"Nature, space, and the sacred",European Forum for the Study of Religion and the Environment. Inaugural Conference,,"Congresses, Religious aspects of Nature, Religion and geography, Sacred space, Nature, Human ecology, religious aspects, Environmental ethics, Congrès, Aspect religieux, Religion et géographie, Lieux sacrés, BODY, MIND & SPIRIT, Gaia & Earth Energies, RELIGION, Christianity",2008.0,,,9780754666868,eng,open_library,indigenous_knowledge_americas,Indigenous spirituality nature
/works/OL30585610W,Wild Animal Coloring Book,Katty Green,,,2020.0,,,9798554363672,eng,open_library,indigenous_knowledge_americas,Indigenous spirituality nature
/works/OL4455599W,Worship and Wilderness,Lloyd Burton,,"Public lands, Management, Nature, Religious aspects, Religious aspects of Nature, Nature, religious aspects",2002.0,,,0299180840,eng,open_library,indigenous_knowledge_americas,Indigenous spirituality nature
/works/OL20543904W,Living religions,"Mary Pat Fisher, Robert Luyster",,"Religions, Religion",1994.0,,,9780205956401,eng,open_library,indigenous_knowledge_americas,Indigenous spirituality nature
/works/OL37910858W,Kinship,"Robin Wall Kimmerer, John Hausdoerffer, Gavin Van Horn, Richard Powers - undifferentiated, David Abram, J. Drew Lanham, Sharon Blackie, Maya Ward, Tiokasin Ghosthorse, Amba J. Sepie, Enrique Salmón, Orrin Williams",,"ecology, botanics, sociology, science, spirituality, ecosystem, culture, activism, environment, nature, knowledge, scientific knowledge, indigenous wisdom, indigenous knowledge, ancestry",2021.0,,,9781736862544,eng,open_library,indigenous_knowledge_americas,Indigenous spirituality nature
/works/OL16681639W,"African traditions in the study of religion, diaspora and gendered societies","Afeosemime U. Adogame, Ezra Chitando, Bolaji Bateye",,"Religion, Religious aspects, Women and religion, African diaspora, Africa, religion, Nigeria, religion, Aspect social, Femmes et religion, Africains, Aspect religieux, History, TRAVEL, Special Interest, Religious, Social aspects",2012.0,,,1409446158,eng,open_library,indigenous_knowledge_americas,Indigenous spirituality nature
/works/OL37910853W,Kinship,"Robin Wall Kimmerer, John Hausdoerffer, Gavin Van Horn, Marcelo Gleiser, David Abram, Marcia Bjornerud, Joy Harjo, Richard Powers - undifferentiated, J. Drew Lanham, Sharon Blackie",,"ecology, botanics, sociology, science, spirituality, ecosystem, culture, activism, environment, nature, knowledge, scientific knowledge, indigenous wisdom, indigenous knowledge, ancestry",2021.0,5.0,1.0,1736862502,eng,open_library,indigenous_knowledge_americas,Indigenous spirituality nature
/works/OL18671362W,Penina uliuli,"Philip Culbertson, Margaret Nelson Agee",,"Mental Health, Mental health, Mental health services, Ethnology, Spirituality, Oceanic Ancestry Group, Pacific Islanders, Mental Health Services, Mental Disorders, Pacific islanders, Mental illness, Pacific area, social conditions",2007.0,,,0824832248,eng,open_library,indigenous_knowledge_americas,Indigenous spirituality nature
/works/OL18568641W,Heartsick for country,"Sally Morgan, Blaze Kwaymullina",,"Ethnic identity, Anecdotes, Philosophy of nature, Land tenure, Spirituality, Environmental conditions, Folklore, Country life, Human ecology, Aboriginal Australians, Biography, Australian indigenous studies, Autobiography and memoir",2008.0,,,1925161358,eng,open_library,indigenous_knowledge_americas,Indigenous spirituality nature
/works/OL23919508W,"Diversity, culture, and counselling",Honoré France,,"Cross-cultural counseling, Minorities, Counseling of, Counseling, Methods, Minority Groups, Psychology, Acculturation, Cultural Diversity, Cultural Competency, Counseling transculturel, Minorités, Minorities, canada",2004.0,,,9781550592603,eng,open_library,indigenous_knowledge_americas,Indigenous spirituality nature
/works/OL21807287W,Contemporary Issues in African Sciences and Science Education,"Akwasi Asabere-Ameyaw, George J. Sefa Dei, Kolawole Raheem",,"Science, study and teaching, Science, africa, Education, africa",2012.0,,,9460917011,eng,open_library,indigenous_knowledge_americas,Indigenous spirituality nature
/works/OL21448091W,Aboriginal history,"Kristin Burnett, Geoff Read",,"Historiography, Autochtones, Indians of North America, Indigenes Volk, Native peoples, Histoire, Historiographie, Indianer, History, Indigenous peoples, canada, Canada, historiography",2012.0,,,9780195432350,eng,open_library,indigenous_knowledge_americas,Indigenous spirituality nature
/works/OL19117957W,"Ancestors, spirits, and healing in Africa and Asia",Ingo Wulfhorst,,"Spiritualism, Sammlung, Plastik, Christianity and other religions, Ausstellung 1992, Ancestor worship, Congresses, Asian, African, Kunst, Healing, Religious aspects, Africans, Religion, Asians",2005.0,,,3905676443,eng,open_library,indigenous_knowledge_americas,Indigenous spirituality nature
/works/OL16443851W,Exploring the sacred,"Marvic Abarra, Suzanne Galbraith, Leigh Bryant",,"The Holy, Religion, Spiritual life, Nature, Religious aspects, Indigenous peoples, Sacred space",2011.0,,,0986726141,eng,open_library,indigenous_knowledge_americas,Indigenous spirituality nature
/works/OL18771333W,The strength perspective in social work practice,Dennis Saleebey,,"Social service, Psychological aspects, Social policy, Public welfare, History",2009.0,,,0205624413,eng,open_library,indigenous_knowledge_americas,Indigenous spirituality nature
/works/OL15895284W,Berkshire Encyclopedia of Sustainability Vol. 1,Willis Jenkins,,"Environmental quality, Environmental protection, Sustainable development, religion and sustainability, religion, sustainability, berkshire publishing",2009.0,,,1933782153,eng,open_library,indigenous_knowledge_americas,Indigenous spirituality nature
/works/OL16051292W,Meetings with mentors,Soren Gordhamer,,"Spiritualists, Euthenics, Mind and body, Adaptation (Biology), Interviews, Nature and nurture, Spiritual life, Psychological aspects, Aikido, War, Moral and ethical aspects, Ecology, Social aspects, Goddess religion, Philosophy",1995.0,,,0964315831,eng,open_library,indigenous_knowledge_americas,Indigenous spirituality nature
/works/OL16819897W,Braiding Sweetgrass,Robin Wall Kimmerer,,"Botany, Ecology, Potawatomi Indians, Indian philosophy, Philosophy of nature, Human-plant relationships, Effect of human beings on, Nature, Indigenous peoples, Philosophy, Social life and customs, Human ecology, Biography, SCIENCE / Life Sciences / Botany, SOCIAL SCIENCE / Ethnic Studies / Native American Studies",2013.0,4.6153846,13.0,1571313567,spa,open_library,indigenous_knowledge_americas,Indigenous peoples human nature relationship
/works/OL15598593W,Ethno-ornithology,Sonia Tidemann,,"Human-animal relationships, Ethnoornithology",2010.0,,,9781844077830,eng,open_library,indigenous_knowledge_americas,Indigenous peoples human nature relationship
/works/OL17576265W,How Forests Think Toward An Anthropology Beyond The Human,Eduardo Kohn,,"Social sciences, philosophy, Semiotics, Philosophy of nature, Human-plant relationships, Human-animal relationships, Indigenous peoples, Indians of north america, social life and customs, Amazon river and valley",2013.0,3.0,1.0,9780520276116,,open_library,indigenous_knowledge_americas,Indigenous peoples human nature relationship
/works/OL21542079W,How Forests Think,Eduardo Kohn,,"Human-animal relationships, Indigenous peoples, Philosophy of nature, Indians of north america, social life and customs, Semiotics, Amazon river and valley, Ecuador, history",2013.0,,,9780520956865,eng,open_library,indigenous_knowledge_americas,Indigenous peoples human nature relationship
/works/OL20060077W,Humans and animals,"Julie Urbanik, Connie L. Johnston",,"Encyclopedias, Human-animal relationships, Human geography, Zoogeography",2017.0,,,1440838348,eng,open_library,indigenous_knowledge_americas,Indigenous peoples human nature relationship
/works/OL1638964W,Report of the Royal Commission on Aboriginal Peoples,Royal Commission on Aboriginal Peoples (RCAP),,"Politics and government, Autochtones, Government relations, Indians of North America, Native peoples, Conditions sociales, Conditions économiques, Metís, Social conditions, Politique et gouvernement, Economic conditions, Relations avec l'État, Government relation, Inuit, Indigenous Health Services",1996.0,,,0660164140,eng,open_library,indigenous_knowledge_americas,Indigenous peoples human nature relationship
/works/OL6033795W,Development and Local Knowledge,Alan Bicker,,"Anthropological aspects of Technical assistance, Applied anthropology, Community development, Ecology, Ethnoscience, Indigenous peoples, Natural resources management areas, Technical assistance, Community development, developing countries, Developing countries, environmental conditions, Birds, indonesia, Human-animal relationships, Natural resource management areas, Ethnoecology, POLITICAL SCIENCE",2003.0,,,1134368127,und,open_library,indigenous_knowledge_americas,Indigenous peoples human nature relationship
/works/OL17576264W,How Forests Think Toward An Anthropology Beyond The Human,Eduardo Kohn,,"Social sciences, philosophy, Semiotics, Philosophy of nature, Human-plant relationships, Human-animal relationships, Indigenous peoples, Indians of north america, social life and customs, Amazon river and valley, Quechua Indians, Social life and customs, Quechua mythology, Ecology, Social sciences, Philosophy, History",2013.0,,,0520276108,eng,open_library,indigenous_knowledge_americas,Indigenous peoples human nature relationship
/works/OL3365578W,Biodiversity and Traditional Knowledge,Sarah A. Laird,,"Germplasm resources, Biodiversity, Human genetics, Variation, Ethnology, Ethnic groups, Genetic Variation, Ethnicity, Cultural Anthropology, Ressources génétiques, Biodiversité, Variabilité génétique, Ethnologie, Groupes ethniques, Social anthropology",2002.0,,,9781136534546,eng,open_library,indigenous_knowledge_americas,Indigenous peoples human nature relationship
/works/OL18516618W,The Oxford handbook on the United Nations,"Thomas George Weiss, Sam Daws",,"Handbooks, manuals, United Nations, International_Law, Organisation des Nations unies, Verenigde Naties, Internationale Organisation, Internationale Politik, Nations Unies, Vereinte Nationen",2007.0,,,0198803168,und,open_library,indigenous_knowledge_americas,Indigenous peoples human nature relationship
/works/OL37910858W,Kinship,"Robin Wall Kimmerer, John Hausdoerffer, Gavin Van Horn, Richard Powers - undifferentiated, David Abram, J. Drew Lanham, Sharon Blackie, Maya Ward, Tiokasin Ghosthorse, Amba J. Sepie, Enrique Salmón, Orrin Williams",,"ecology, botanics, sociology, science, spirituality, ecosystem, culture, activism, environment, nature, knowledge, scientific knowledge, indigenous wisdom, indigenous knowledge, ancestry",2021.0,,,9781736862544,eng,open_library,indigenous_knowledge_americas,Indigenous peoples human nature relationship
/works/OL20543904W,Living religions,"Mary Pat Fisher, Robert Luyster",,"Religions, Religion",1994.0,,,9780205956401,eng,open_library,indigenous_knowledge_americas,Indigenous peoples human nature relationship
/works/OL19951882W,Kangaroo,Stephen Jackson,,"Ecology, Kangaroos, Human-animal relationships, Nature and wildlife, Australiana, Nature, Mammals",2010.0,,,174175903X,eng,open_library,indigenous_knowledge_americas,Indigenous peoples human nature relationship
/works/OL16644512W,Rethinking transitions,"Gaby Oré Aguilar, Felipe Gómez Isa",,"Human rights, Transitional justice, Reconciliation, Justice",2011.0,,,9781780680033,eng,open_library,indigenous_knowledge_americas,Indigenous peoples human nature relationship
/works/OL22739778W,Science and stewardship to protect and sustain wilderness values,Mexico) World Wilderness Congress (9th 2009 Meridá,,"Management, Congresses, Citizen participation, Nature conservation, International cooperation, Protected areas, Wilderness areas",2011.0,,,,eng,open_library,indigenous_knowledge_americas,Indigenous peoples human nature relationship
/works/OL18349092W,Native Americans and the environment,"Michael Eugene Harkin, David Rich Lewis",,"Philosophy of nature, Human-animal relationships, Ecology, Indigenous peoples, Indian philosophy, Indian philosophy, north america, Ethnoecology",2007.0,,,9780803273610,eng,open_library,indigenous_knowledge_americas,Indigenous peoples human nature relationship
/works/OL18585637W,The diversity of international law,Kalliopi Koufa,,International law,2009.0,,,9047444728,eng,open_library,indigenous_knowledge_americas,Indigenous peoples human nature relationship
/works/OL13646876W,Aboriginal environmental knowledge,Catherine Laudine,,"Ecology, Aboriginal Australian Philosophy, Indigenous peoples, Philosophy, Aboriginal Australian, Religion, Traditional ecological knowledge, Philosophy of nature, Human ecology, Aboriginal Australians, Food - Seafood, Ursprungsbefolkningar, Environment - Land management, Humanekologi, Naturfilosofi, Umweltbewusstsein",2008.0,,,1317186087,eng,open_library,indigenous_knowledge_americas,Indigenous peoples human nature relationship
/works/OL16077161W,Waldara Answers,William Swygard,,awareness,1975.0,,,,eng,open_library,indigenous_knowledge_americas,Indigenous peoples human nature relationship
/works/OL16094823W,Marble Mountain,Bud Willis,,"Diaries, Officers, Biography, Aviation, Vietnam War, 1961-1975, American Personal narratives, American Aerial operations, Helicopter pilots, Armed Forces, Aerial Military operations, American, United States. Marine Corps, United States, United States. Marine Observation Squadron 2.",2011.0,,,9781456743482,eng,open_library,indigenous_knowledge_americas,Indigenous peoples human nature relationship
/works/OL42823332W,A TOUR OF THE WORLD,"Malik Mansab Khan, Muhammad Rafique Abdul Aziz",,"Political Geography, Global Politics, Geopolitics, International Relations, Political Divisions, Nation States, Global History, World History, Geopolitical Divisions, Global Economics, World Geography, Demographics, Political Science, Global Awareness, World politics",2025.0,,,,eng,open_library,indigenous_knowledge_americas,Indigenous peoples human nature relationship
/works/OL20044294W,A Latin American music reader,"Javier F. León, Helena Simonett",,"Ethnomusicology, Folk music, History and criticism, Applied ethnomusicology, Folk music, history and criticism, Music, latin american, Social aspects",2016.0,,,0252081676,eng,open_library,indigenous_knowledge_americas,South American Indigenous knowledge
/works/OL18480123W,Paradigm wars,"Jerry Mander, Victoria Tauli-Corpuz",,"Anti-globalization movement, Environmental degradation, Globalization, Culture and globalization, Economic conditions, Indigenous peoples, Social conditions, Autochtones, Conditions économiques, Conditions sociales, Culture et mondialisation, Mondialisation, Antimondialisation, Environnement, Dégradation",2006.0,,,9781578051328,eng,open_library,indigenous_knowledge_americas,South American Indigenous knowledge
/works/OL15452195W,Indigenous and popular thinking in América,Rodolfo Kusch,,"Religion, Philosophical anthropology, Indian mythology, Indians of South America, Indian philosophy, Indians of south america, religion, Indian mythology, south america, Philosophy, General, Indian philosophy--south america, Indians of south america--religion, Indian mythology--south america, F2230.1.p53 k8713 2010, 299.8",2010.0,,,082234629X,eng,open_library,indigenous_knowledge_americas,South American Indigenous knowledge
/works/OL14941119W,Indigenous and popular thinking in América,Rodolfo Kusch,,"Religion, Philosophical anthropology, Indian mythology, Indians of South America, Indian philosophy",2010.0,,,9780822346296,eng,open_library,indigenous_knowledge_americas,South American Indigenous knowledge
/works/OL42380924W,Indigenous people and archaeology,University of Calgary. Archaeological Association. Conference,,"Indigenous peoples, Congresses, Archaeology, Indians, Antiquities",2003.0,,,9780889532717,eng,open_library,indigenous_knowledge_americas,South American Indigenous knowledge
/works/OL17991296W,"Structure, knowledge and representation in the Andes","R. Tom Zuidema, Gary Urton",,"Incas, Addresses, essays, lectures",1996.0,,,,eng,open_library,indigenous_knowledge_americas,South American Indigenous knowledge
/works/OL1476594W,A bibliography on the agriculture of the American Indians,Everett Eugene Edwards,,"Bibliography, Agriculture, Indians of South America, Indians of North America, American Indians, Wild plants, Food crops, Traditional foods, Indigenous knowledge, Ethnobotany, Traditional farming, Farming systems, Alternative livestock, Agricultural history, Indigenous species",1942.0,,,,eng,open_library,indigenous_knowledge_americas,South American Indigenous knowledge
/works/OL19723617W,The profit of the earth,Courtney Fullilove,,"Wheat, Plant introduction, Seed industry and trade, Seeds, Breeding, Harvesting, Plant diversity conservation, History",2017.0,,,9780226454863,eng,open_library,indigenous_knowledge_americas,South American Indigenous knowledge
/works/OL16964120W,Psychiatrist and traditional healers,"Mario Incayawar, Ronald Wintrob, Lise Bouchard, Goffredo Bartocci",,"Cross-Cultural Comparison, Traditional Medicine, Healers, Transcultural Psychiatry, Therapy, Psychiatry, Mental Disorders, Religion and Psychology, Psychiatry, transcultural, Mental illness, treatment, Psychology and religion, Psychiatrische Versorgung, Heiler, Volksmedizin, Gesundheitsförderung",2009.0,,,9780470516836,eng,open_library,indigenous_knowledge_americas,South American Indigenous knowledge
/works/OL21119081W,Birthing Justice,"Julia Chinyere Oparah, Alicia D. Bonaparte",,"Childbirth, African american women, Civil rights, united states, Child health services, Social justice, Pregnant women, African americans, Maternal health services, Maternal Health Services, African American women, Medical care, Prenatal care, POLITICAL SCIENCE, Public Policy, Social Security",2015.0,,,9781138191457,eng,open_library,indigenous_knowledge_americas,South American Indigenous knowledge
/works/OL15452484W,Fundamentals of complementary and alternative medicine,Marc S. Micozzi,,"Complementary Therapies, Alternative medicine, Médecines parallèles",2011.0,,,1437705774,eng,open_library,indigenous_knowledge_americas,South American Indigenous knowledge
/works/OL37766987W,The Book of Yerba Mate,Christine Folch,,"Yerba Mate, History, Drink, Anthropology, Beverages, Cultural, Latin America, South America, Beverage, Social Anthropology",2024.0,,,0691246432,eng,open_library,indigenous_knowledge_americas,South American Indigenous knowledge
/works/OL19728371W,Faulkner and history,Faulkner and Yoknapatawpha Conference (41st 2014 University of Mississippi),,"Congresses, History in literature, Criticism and interpretation, Knowledge, History, Faulkner, william, 1897-1962, LITERARY CRITICISM, American, General, LITERARY COLLECTIONS, Art",2017.0,,,9781496809971,eng,open_library,indigenous_knowledge_americas,South American Indigenous knowledge
/works/OL15413682W,Examining social theory,Daniel Ethan Chapman,,Social sciences,2010.0,,,1433104806,eng,open_library,indigenous_knowledge_americas,South American Indigenous knowledge
/works/OL15507172W,Examining social theory,Daniel K. Chapman,,Social sciences,2010.0,,,9781433104800,eng,open_library,indigenous_knowledge_americas,South American Indigenous knowledge
/works/OL15586644W,Examining social theory,Daniel Ethan Chapman,,Social sciences,2010.0,,,1433104792,eng,open_library,indigenous_knowledge_americas,South American Indigenous knowledge
/works/OL2969280W,International HRM,T. H. Jackson,,"Personnel management, Cross-cultural studies, Internationale ondernemingen, Direction, Personeelsmanagement, Culturele verschillen, Personnel",2002.0,,,9780761974055,eng,open_library,indigenous_knowledge_americas,South American Indigenous knowledge
/works/OL32320026W,The Routledge companion to media studies and digital humanities,Jentery Sayers,,"Mass media, Digital humanities, Humanities, Language and languages",2020.0,,,1315730472,eng,open_library,indigenous_knowledge_americas,South American Indigenous knowledge
/works/OL19858500W,International encyclopedia of human geography,"N. J. Thrift, Rob Kitchin",,"Human geography, Encyclopedias",2009.0,,,0080449107,eng,open_library,indigenous_knowledge_americas,South American Indigenous knowledge
/works/OL21051948W,Crossing Cultures,Jaynie Anderson,,"Art, History, Congresses, Art and globalization, Arts and globalization",2009.0,,,0522857108,eng,open_library,indigenous_knowledge_americas,South American Indigenous knowledge
/works/OL33047461W,Witnesses to history,Lyndel V. Prott,,"Cultural property, Repatriation, Protection, Cultural property--repatriation, Cultural property--protection, N8850 .w58 2009",2009.0,,,9231041282,eng,open_library,indigenous_knowledge_americas,South American Indigenous knowledge
/works/OL42823332W,A TOUR OF THE WORLD,"Malik Mansab Khan, Muhammad Rafique Abdul Aziz",,"Political Geography, Global Politics, Geopolitics, International Relations, Political Divisions, Nation States, Global History, World History, Geopolitical Divisions, Global Economics, World Geography, Demographics, Political Science, Global Awareness, World politics",2025.0,,,,eng,open_library,indigenous_knowledge_americas,South American Indigenous knowledge
/works/OL16077161W,Waldara Answers,William Swygard,,awareness,1975.0,,,,eng,open_library,indigenous_knowledge_americas,South American Indigenous knowledge
/works/OL11824862W,Encuentro de dos,Rosario Pérez Mendoza,,"Indians of South America, Social life and customs, Health and hygiene, Traditional medicine, Indian cosmology, Medicine, Indigenous Health Services, Cultural Anthropology, South American Indians",2007.0,,,,spa,open_library,indigenous_knowledge_americas,South American Indigenous cosmology
/works/OL19976355W,Indigenous Intellectuals,"Gabriela Ramos, Yanna Yannakakis",,"Indians of Mexico, Civilization, Intellectual life, Indigenous peoples, Indians of mexico, social life and customs",2014.0,,,0822356473,eng,open_library,indigenous_knowledge_americas,Andean Indigenous knowledge
/works/OL18409453W,Indigenous traditions and ecology,John Grim,,"Environmental degradation, Ecology, Environmental ethics, Religious aspects, Ethnophilosophy, Cosmology, Religion, Indigenous peoples, Environnement, Primitieve volken, Ethnophilosophie, Éthique de l'environnement, Aspect religieux, Inheemse volken, Écologie",2001.0,,,0945454287,eng,open_library,indigenous_knowledge_americas,Andean Indigenous knowledge
/works/OL21878153W,Mining Language,Allison Margaret Bigelow,,Economics,2020.0,,,9781469654409,eng,open_library,indigenous_knowledge_americas,Andean Indigenous knowledge
/works/OL15581338W,Indigenous development in the Andes,Robert Andolina,,"Politics and government, Indigenous peoples, Social movements, South america, politics and government",2009.0,,,0822345404,eng,open_library,indigenous_knowledge_americas,Andean Indigenous knowledge
/works/OL13847381W,Indigenous development in the Andes,Robert Andolina,,,2009.0,,,0822345234,eng,open_library,indigenous_knowledge_americas,Andean Indigenous knowledge
/works/OL17991296W,"Structure, knowledge and representation in the Andes","R. Tom Zuidema, Gary Urton",,"Incas, Addresses, essays, lectures",1996.0,,,,eng,open_library,indigenous_knowledge_americas,Andean Indigenous knowledge
/works/OL45857562W,YACHAY AMARU,Luis Ochoa Siguencia,,"Andean philosophy, Andean worldview, Cañari culture, Indigenous knowledge, Cultural memory, Ancestral wisdom, Philosophical fiction, Literary fiction, Ecuadorian literature, Latin American literature, Symbolism, Nature, Learning, Cultural heritage, Human development",2026.0,,,9788398109628,spa,open_library,indigenous_knowledge_americas,Andean Indigenous knowledge
/works/OL18517319W,Accessing biological resources,Natalie P. Stoianoff,,"Convention on Biological Diversity, Germplasm resources, Biodiversity conservation",2004.0,,,9789041120878,eng,open_library,indigenous_knowledge_americas,Andean Indigenous knowledge
/works/OL45870419W,La joya del Inti,Luis Ochoa Siguencia,,"Andean literature, Ecuadorian literature, Andean fable, literary fable, philosophical fiction, Latin American literature, cultural memory, ancestral memory, Cañari culture, Andean worldview, Inti Raymi, Inti, Sun symbolism, indigenous knowledge, community",2026.0,,,9788397824898,,open_library,indigenous_knowledge_americas,Andean Indigenous knowledge
/works/OL45870417W,El pacto de la laguna,Luis Ochoa Siguencia,,"Andean literature, Ecuadorian literature, Andean fable, literary fable, philosophical fiction, Latin American literature, cultural memory, oral tradition, community, communal ethics, nature, environmental ethics, water, lagoon, hunger",2026.0,,,,spa,open_library,indigenous_knowledge_americas,Andean Indigenous knowledge
/works/OL45854849W,Carachula,Luis Ochoa Siguencia,,"Cañari, Ecuador, Azuay, Andes, Andean culture, Indigenous peoples, Cultural heritage, Cultural memory, Oral tradition, Literary fiction, Historical fiction, Ecuadorian literature, Latin American literature, Lost cities, Ancestral knowledge",2026.0,,,8398109637,,open_library,indigenous_knowledge_americas,Andean Indigenous knowledge
/works/OL1026426W,Culture and Conservation,"David C. Pitt, Jeffrey A. McNeely",,"Case studies, Environmental policy, Environnement, Umweltpolitik, Wirtschaft, Natuurbehoud, Aspect social, Conservation, Nature, Social aspects, Umweltschutz, Sociale aspecten, Planning, Environmental protection, Landgebruik",1985.0,,,0709935331,eng,open_library,indigenous_knowledge_americas,Andean Indigenous knowledge
/works/OL18181985W,Culture and conservation,"Jeffrey A. McNeely, David C. Pitt",,"Environnement, Umweltpolitik, Wirtschaft, Natuurbehoud, Aspect social, Conservation, Case studies, Nature, Social aspects, Umweltschutz, Sociale aspecten, Planning, Environmental protection, Environmental policy, Landgebruik",1985.0,,,9780709935339,eng,open_library,indigenous_knowledge_americas,Andean Indigenous knowledge
/works/OL42823332W,A TOUR OF THE WORLD,"Malik Mansab Khan, Muhammad Rafique Abdul Aziz",,"Political Geography, Global Politics, Geopolitics, International Relations, Political Divisions, Nation States, Global History, World History, Geopolitical Divisions, Global Economics, World Geography, Demographics, Political Science, Global Awareness, World politics",2025.0,,,,eng,open_library,indigenous_knowledge_americas,Andean Indigenous knowledge
/works/OL19534357W,Andean cosmologies through time,John Holmes McDowell,,"Religion, Cultural assimilation, Indians of South America, Indian philosophy, Indians of south america, religion, Indian mythology",1992.0,,,9780253318152,eng,open_library,indigenous_knowledge_americas,Andean cosmology
/works/OL64880W,At the Crossroads of the Earth and the Sky,Gary Urton,,"Quechua astronomy, Quechua philosophy, Social life and customs, Quechua cosmology, Astronomy, Peru, social life and customs, Indian philosophy, Indian astronomy",1981.0,0.0,0.0,029270349X,eng,open_library,indigenous_knowledge_americas,Andean cosmology
/works/OL20984983W,At the Crossroads of the Earth and the Sky,Gary Urton,,"Peru, social life and customs, Astronomy, Indian philosophy",1988.0,,,0292704046,eng,open_library,indigenous_knowledge_americas,Andean cosmology
/works/OL13568601W,Andean continuum cosmology,John Charles Earls,,"Incas, Cosmology",1973.0,,,,eng,open_library,indigenous_knowledge_americas,Andean cosmology
/works/OL25763566W,Andean Aesthetics and Anticolonial Resistance,"Omar Rivera, Monika Kirloskar-Steinbach",,"Aesthetics, Decolonization, Indian philosophy, Indians of South America, Ethnic identity, Religion, Non-Western philosophy",2021.0,,,1350273228,eng,open_library,indigenous_knowledge_americas,Andean cosmology
/works/OL18743140W,Andean awakening,"Jorge Luis Delgado, MaryAnn Male",,"New Age movement, Quero Indians, Incas, Medicine, Magic, mystic, and spagiric, Rites and ceremonies, Quero cosmology, Religion, Inca cosmology, Shamanism",2006.0,,,1571781935,eng,open_library,indigenous_knowledge_americas,Andean cosmology
/works/OL23778785W,Andean cartography,,,"Indian cosmology, Indian cartography",1998.0,,,,spa,open_library,indigenous_knowledge_americas,Andean cosmology
/works/OL15942612W,Yanantin and masintin in the Andean world,Hillary S. Webb,,"Dualism, Quechua philosophy, Mind and body, Quechua cosmology, Rites and ceremonies, Quechua Indians, Space and time, Shamanism, Peru, social life and customs, Peru, religion, Cosmology",2012.0,,,0826350720,eng,open_library,indigenous_knowledge_americas,Andean cosmology
/works/OL5703998W,Andean/Incan mythology,Greg Roza,,"Inca cosmology, Incas, Legends, Inca mythology, Religion",2007.0,,,9781404207394,eng,open_library,indigenous_knowledge_americas,Andean cosmology
/works/OL15391741W,Aquarian Age & the Andean Prophecy,,,,2007.0,,,9781425975333,,open_library,indigenous_knowledge_americas,Andean cosmology
/works/OL12367440W,Andean textile traditions,Mayer Center Symposium (1st 2001 Denver Art Museum),,"Congresses, Indian textile fabrics, Hand weaving, Textile design, Inca textile fabrics, Textile fabrics",2006.0,,,9780914738527,eng,open_library,indigenous_knowledge_americas,Andean cosmology
/works/OL18409453W,Indigenous traditions and ecology,John Grim,,"Environmental degradation, Ecology, Environmental ethics, Religious aspects, Ethnophilosophy, Cosmology, Religion, Indigenous peoples, Environnement, Primitieve volken, Ethnophilosophie, Éthique de l'environnement, Aspect religieux, Inheemse volken, Écologie",2001.0,,,0945454287,eng,open_library,indigenous_knowledge_americas,Andean cosmology
/works/OL4458249W,The snake with golden braids,Stephen G. Bunker,,"Agriculture, Ecology, Environmental conditions, History, Indian cosmology, Indians of South America, Indigenous peoples, Irrigation engineering, Irrigation farming, Landscape assessment, Social conditions, Indians of south america, agriculture, Peru, social conditions, Ethnoecology",2005.0,,,0739111973,eng,open_library,indigenous_knowledge_americas,Andean cosmology
/works/OL32475479W,Culturas visuales indígenas y las prácticas estéticas en las Américas desde la antigüedad hasta el presente,"Sanja Savkić, Hannah Baader",,"Indian aesthetics, Indian art, Indian cosmology, Indians, Urban residence, Antiquities, Arts and society, Indigenous peoples, Arts",2019.0,0.0,0.0,9783786128311,spa,open_library,indigenous_knowledge_americas,Andean cosmology
/works/OL32062522W,Moche,Régulo G. Franco Jordán,,"Indians of South America, Antiquities, Mochica cosmology, Mochica art, Mochica architecture, History",2021.0,,,6124825627,spa,open_library,indigenous_knowledge_americas,Andean cosmology
/works/OL15414061W,Handbook to life in the Inca World,Ananda Cohen Suarez,,"Social life and customs, Civilization, Intellectual life, Incas, History, Colonization, Peru, civilization, Andes",2011.0,,,9780816074495,eng,open_library,indigenous_knowledge_americas,Andean cosmology
/works/OL15444168W,Handbook to life in the ancient Inca world,Ananda Cohen Suarez,,"Social life and customs, Civilization, Intellectual life, Incas, History, Colonization",2011.0,,,0816074496,eng,open_library,indigenous_knowledge_americas,Andean cosmology
/works/OL22313704W,Skyscapes,"Fabio Silva, Nicholas Campion",,"Archaeoastronomy, Prehistoric peoples, Sky, Social archaeology, Cosmology, Astrology, Landscape archaeology, Sacred space, History",2015.0,,,1782978402,eng,open_library,indigenous_knowledge_americas,Andean cosmology
/works/OL18861146W,"New world, first nations","David Patrick Cahill, Blanca Tovías",,"First contact with Europeans, Indians of Mexico, Indians of South America, History, Indians of central america, Central america, Andes region, Spain, colonies, america, First contact with other peoples, Congresses",2006.0,,,1903900638,und,open_library,indigenous_knowledge_americas,Andean cosmology
/works/OL16978997W,Pre-Columbian landscapes of creation and origin,John E. Staller,,"Social life and customs, Indians, Creation, Antiquities, Religion, Civilization, Indian mythology, Landscape archaeology, Sacred space, Indians, religion, Latin america, antiquities, Latin america, civilization, Indians of Central America, Indians of South America, Indian cosmology",2008.0,,,0387769099,eng,open_library,indigenous_knowledge_americas,Andean cosmology
/works/OL18739211W,The occult life of things,Fernando Santos-Granero,,"Material culture, Indians of South America, Ceremonial objects, Rites and ceremonies, Indian cosmology, Indians of south america, social life and customs, Amazon river and valley, social conditions, Congresses",2009.0,,,9780816528745,eng,open_library,indigenous_knowledge_americas,Amazonian cosmology
/works/OL19123307W,Beyond the visible and the material,Peter Rivière,,"Ethnology, Indians of South America, Indians of south america, Anthropology",2001.0,,,0199244758,eng,open_library,indigenous_knowledge_americas,Amazonian cosmology
/works/OL18967289W,Amerindian cosmology,Don McCaskill,,,1988.0,,,1869960033,eng,open_library,indigenous_knowledge_americas,Amerindian cosmology
/works/OL20748330W,"Amerindian Socio-Cosmologies Between the Andes, Amazonia and Mesoamerica",Ernst Halbmayer,,"Anthropology, Indians of Central America, Antiquities, Indians of South America, Social archaeology, Indiens d'Amérique, Antiquités, Archéologie sociale, SOCIAL SCIENCE / Anthropology / General",2020.0,,,100002735X,eng,open_library,indigenous_knowledge_americas,Amerindian cosmology
/works/OL25588522W,Non-Humans in Amerindian South America,Juan Javier Rivera Andía,,"Indians of South America, Religion, Social life and customs",2018.0,,,1789200989,eng,open_library,indigenous_knowledge_americas,Amerindian cosmology
/works/OL5777856W,Dictionary of the Guyanese Amerindians,Lal Balkaran,,"Dictionaries, Dictionnaires anglais, Indians of South America, Indiens d'Amérique",2002.0,,,9780969983385,eng,open_library,indigenous_knowledge_americas,Amerindian cosmology
/works/OL19123307W,Beyond the visible and the material,Peter Rivière,,"Ethnology, Indians of South America, Indians of south america, Anthropology",2001.0,,,0199244758,eng,open_library,indigenous_knowledge_americas,Amerindian cosmology
/works/OL17510269W,Knowing the Day Knowing the World,Lesley Green,,"Indian philosophy, Brazil, social life and customs, Brazil, antiquities, Palicur Indians, Social life and customs, Antiquities, Indian cosmology, Archaeology and state",2013.0,,,081659905X,eng,open_library,indigenous_knowledge_americas,Amerindian cosmology
/works/OL16938724W,Caribbean religious history,"Ennis B. Edmonds, Michelle A. Gonzalez",,"RELIGION, Religion, TRAVEL, Religious, Special Interest, History, Caribbean area, religion",2010.0,,,9780814722848,eng,open_library,indigenous_knowledge_americas,Amerindian cosmology
/works/OL32475479W,Culturas visuales indígenas y las prácticas estéticas en las Américas desde la antigüedad hasta el presente,"Sanja Savkić, Hannah Baader",,"Indian aesthetics, Indian art, Indian cosmology, Indians, Urban residence, Antiquities, Arts and society, Indigenous peoples, Arts",2019.0,0.0,0.0,9783786128311,spa,open_library,indigenous_knowledge_americas,Amerindian cosmology
/works/OL2886241W,Countering development,David D. Gow,,"Indians of South America, Economic conditions, Commerce, Government relations, Sustainable development, Economic development, Indians of south america, economic conditions, Colombia, economic conditions",2008.0,,,0822388804,eng,open_library,indigenous_knowledge_americas,Indigenous knowledge Colombia
/works/OL16694183W,La protección del conocimiento tradicional en Colombia,Florelia Vallejo Trujillo,,"Biodiversity conservation, Traditional ecological knowledge, Law and legislation, Ethnobotany, Indigenous peoples",2010.0,,,9589934021,spa,open_library,indigenous_knowledge_americas,Indigenous knowledge Colombia
/works/OL20044294W,A Latin American music reader,"Javier F. León, Helena Simonett",,"Ethnomusicology, Folk music, History and criticism, Applied ethnomusicology, Folk music, history and criticism, Music, latin american, Social aspects",2016.0,,,0252081676,eng,open_library,indigenous_knowledge_americas,Indigenous knowledge Colombia
/works/OL4388331W,"Proceedings of the Pacific Council on Latin American Studies, 2002-2003",Pacific Coast Council on Latin American Studies. Meeting,,Congresses,2005.0,,,9781413487985,eng,open_library,indigenous_knowledge_americas,Indigenous knowledge Colombia
/works/OL42823332W,A TOUR OF THE WORLD,"Malik Mansab Khan, Muhammad Rafique Abdul Aziz",,"Political Geography, Global Politics, Geopolitics, International Relations, Political Divisions, Nation States, Global History, World History, Geopolitical Divisions, Global Economics, World Geography, Demographics, Political Science, Global Awareness, World politics",2025.0,,,,eng,open_library,indigenous_knowledge_americas,Indigenous knowledge Colombia
/works/OL24015886W,La reconnaissance des peuples indigènes entre droit et politique,Françoise Martinat,,"Indians of South America, Government relations, Indian cosmology, Legal status, laws, Indiens d'Amérique, Relations avec l'État, Droits, Politique et gouvernement",2005.0,,,2859398872,fre,open_library,indigenous_knowledge_americas,Indigenous cosmology Colombia
/works/OL726465W,The sacred mountain of Colombia's Kogi Indians,Gerardo Reichel-Dolmatoff,,"Kagaba Indians, Kagaba philosophy, Religion, Religion and mythology, Philosophy, Indians of north america, religion, Indian philosophy, north america",1990.0,,,9789004092747,eng,open_library,indigenous_knowledge_americas,Kogi Colombia
/works/OL726476W,Los Kogi,Gerardo Reichel-Dolmatoff,,"Kagaba Indians, Social life and customs, Indians of South America",1900.0,,,,spa,open_library,indigenous_knowledge_americas,Kogi Colombia
/works/OL38821619W,Los Kogi,Gerardo Reichel-Dolmatoff,,"Kagaba Indians, Ethnology, Social life and customs, Indians of South America",1950.0,,,,spa,open_library,indigenous_knowledge_americas,Kogi Colombia
/works/OL15621296W,The Sacred Mountain of Colombia's Kogi Indians,Gerardo Reichel-Dolmatoff,,,1990.0,,,,,open_library,indigenous_knowledge_americas,Kogi Colombia
/works/OL23928609W,Kogis,Eric Julien,,"Kagaba Indians, History, Social life and customs, Kágaba (Indiens), Histoire, Mœurs et coutumes",2004.0,,,2226154329,fre,open_library,indigenous_knowledge_americas,Kogi Colombia
/works/OL44817704W,Territorio Kogi,Jorge Eliécer Ortega Cárdenas,,"Kagaba Indians, Social life and customs, Ethnology, Investigations",1994.0,,,,spa,open_library,indigenous_knowledge_americas,Kogi Colombia
/works/OL726460W,Los Kogi de Sierra Nevada,Gerardo Reichel-Dolmatoff,,"Social life and customs, Kagaba Indians, Kagaba mythology, Kagaba philosophy",1996.0,,,8487789447,spa,open_library,indigenous_knowledge_americas,Kogi Colombia
/works/OL3189909W,"Sistemas jurídicos paez, kogi, wayúu y tule",Carlos César Perafán Simmonds,,"Legal status, laws, Paez Indians, Kagaba Indians, Goajiro Indians, Cuna Indians",1995.0,,,9586121712,spa,open_library,indigenous_knowledge_americas,Kogi Colombia
/works/OL13184790W,Saminashi,Juan Pablo Duque Cañas,,"Kagaba Indians, Kagaba architecture, Architecture, Aesthetics, Geographical perception, Kagaba cosmology, Dwellings",2004.0,,,9789587011319,spa,open_library,indigenous_knowledge_americas,Kogi Colombia
/works/OL2819854W,El solitario corazón comenzó a hablar,Pio Emilio Cucchiella,,"Capuchins, Kagaba Indians, Kagaba philosophy, Missions, Social conditions",1995.0,,,,spa,open_library,indigenous_knowledge_americas,Kogi Colombia
/works/OL15746710W,"Introducción a las artes adivinatorias como prácticas mágico religiosas de caracter experimental entre los grupos indígenas serranos de la Sierra Nevada de Santa Marta, Colombia",,,"divination, Felipe Cárdenas, Kogis, Colombia, Sierra Nevada de Santa Marta, research, anthropology",1989.0,,,,,open_library,indigenous_knowledge_americas,Kogi Colombia
/works/OL726454W,Estudios antropológicos,Gerardo Reichel-Dolmatoff,,"Ethnology, Indians of South America",1977.0,,,,spa,open_library,indigenous_knowledge_americas,Kogi Colombia
/works/OL13184790W,Saminashi,Juan Pablo Duque Cañas,,"Kagaba Indians, Kagaba architecture, Architecture, Aesthetics, Geographical perception, Kagaba cosmology, Dwellings",2004.0,,,9789587011319,spa,open_library,indigenous_knowledge_americas,Kogi cosmology
/works/OL4706946W,The evolution of social hierarchy in a Muisca chiefdom of the northern Andes of Colombia =,Ana María Boada Rivas,,"Antiquities, Chibcha Indians, Chiefdoms, Excavations (Archaeology), History, Kings and rulers, Social archaeology",2007.0,0.0,0.0,9781877812835,spa,open_library,indigenous_knowledge_americas,Muisca Colombia
/works/OL24044280W,Los muiscas,Mercedes Medina de Pacheco,,"Chibcha Indians, History, Antiquities, Chibcha goldwork, Church history, Catholic Church. Diocese of Tunja (Colombia), Catholic Church",2006.0,,,9789589755280,spa,open_library,indigenous_knowledge_americas,Muisca Colombia
/works/OL3113864W,Textiles de las culturas muisca y guane,Gladys Tavera de Téllez,,"Chibcha textile fabrics, Patterns, Hand weaving, Guane textile fabrics, Textile design",1994.0,,,,spa,open_library,indigenous_knowledge_americas,Muisca Colombia
/works/OL32551082W,Territorios y memorias culturales muiscas,"Pablo Felipe Gómez Montáñez, Fredy Leonardo Reyes Albarracín",,"Chibcha Indians, History, Social life and customs, Ethnic identity, America, history",2017.0,,,9789586319744,spa,open_library,indigenous_knowledge_americas,Muisca Colombia
/works/OL865209W,Los muiscas,José Rozo Gauta,,"Chibcha Indians, Indians of South America, Politics and government, Social life and customs, Tribal government, Material culture",1978.0,,,,spa,open_library,indigenous_knowledge_americas,Muisca Colombia
/works/OL34061782W,Eldorado Muisca,Juan Carlos Hoyos,,,2022.0,,,9798438506362,spa,open_library,indigenous_knowledge_americas,Muisca Colombia
/works/OL38959976W,Los muiscas,Diana Lloreda,,"Chibcha Indians, Indians of South America",1992.0,,,,spa,open_library,indigenous_knowledge_americas,Muisca Colombia
/works/OL10961521W,"Orfebrería prehispánica de Colombia, estilos tolima y muisca",José Pérez de Barradas,,"Antiquities, Goldwork, Indian art, Museo del Oro (Banco de la República)",1958.0,,,,spa,open_library,indigenous_knowledge_americas,Muisca Colombia
/works/OL12470131W,El territorio de los muiscas a la llegada de los españoles,Ana María Falchetti,,"Chibcha Indians, History",1973.0,,,,spa,open_library,indigenous_knowledge_americas,Muisca Colombia
/works/OL7291067W,Ornamentación calada en la orfebrería indígena precolombina (Muisca y Tolima),David Consuegra,,"Art, Goldswork, Indian art, Indian goldwork, Indians of South America, Goldwork",1968.0,,,,spa,open_library,indigenous_knowledge_americas,Muisca Colombia
/works/OL1279753W,Estado actual de los estudios etnologicos sobre los muiscas del Reino de Nueva Granada (Colombia),José Pérez de Barradas,,"Music, Indians of South America, History and criticism, Musical instruments, History",1952.0,,,,spa,open_library,indigenous_knowledge_americas,Muisca Colombia
/works/OL1279757W,Orfebrería prehispánica de Colombia : estilos tolima y muisca,José Pérez de Barradas,,"Goldwork, Indian art, Antiquities, Museo del Oro (Banco de la República)",1958.0,,,,spa,open_library,indigenous_knowledge_americas,Muisca Colombia
/works/OL4044716W,Indios muiscas,Hernán Pérez Correa,,"Chibcha Indians, History, Indians of South America",1992.0,,,,spa,open_library,indigenous_knowledge_americas,Muisca Colombia
/works/OL865884W,Regional archaeology in the Muisca territory,Carl Henrik Langebaek,,"Chibcha Indians, Antiquities, Politics and government, Kings and rulers, Chiefdoms, Social archaeology, Ethnohistory, History",1995.0,,,187781234X,eng,open_library,indigenous_knowledge_americas,Muisca Colombia
/works/OL23760245W,"Los muisca, un pueblo en reconstrucción",,,"Chibcha Indians, Congresses, Social conditions, Government relations, Politics and government",1999.0,,,,spa,open_library,indigenous_knowledge_americas,Muisca Colombia
/works/OL45800680W,Documenting the emergence of chiefdoms in the Muisca territory,"Robert D. Drennan, Carl Henrik Langebaek",,"Chiefdoms, Chibcha Indians, Politics and government, Social archaeology, Antiquities",1991.0,,,,eng,open_library,indigenous_knowledge_americas,Muisca Colombia
/works/OL1279754W,Los muiscas antes de la Conquista,José Pérez de Barradas,,"Chibcha Indians, Antiquities, History",1950.0,,,,spa,open_library,indigenous_knowledge_americas,Muisca Colombia
/works/OL16217971W,Mensajes de la madre tierra en territorio muisca,"Roberto Santos Curvelo, Fabio Mejía Botero",,"Chibcha Indians, Sacred space, Science, Religion, Traditional ecological knowledge, Rites and ceremonies",2010.0,,,9789588546179,spa,open_library,indigenous_knowledge_americas,Muisca Colombia
/works/OL38960007W,El Dorado,"Elio Sala, Juán Darío Giraldo E., Rubino Cinquegranelli",,"Indian goldwork, El Dorado, Chibcha Indians, History, Antiquities, Museo del Oro (Banco de la República)",1989.0,,,,spa,open_library,indigenous_knowledge_americas,Muisca Colombia
/works/OL35440521W,Les Muiscas,José Virgilio Becerra,,"Chibcha Indians, Antiquities, History",2000.0,,,,fre,open_library,indigenous_knowledge_americas,Muisca Colombia
/works/OL865206W,Cultura material de los muiscas,José Rozo Gauta,,"Antiquities, Chibcha Indians, Indians of South America, Industries, Material culture",1977.0,,,,spa,open_library,indigenous_knowledge_americas,Muisca Colombia
/works/OL37340209W,"Los muiscas, pensamiento y realizaciones",Francisco Beltrán Peña,,"Chibcha Indians, Indians of South America, Antiquities",1980.0,,,,spa,open_library,indigenous_knowledge_americas,Muisca Colombia
/works/OL37393985W,La medicina en la cultura muisca,Roberto de Zubiría C.,,"Chibcha Indians, Medicine, Indians of South America, South American Indians, History, Traditional Medicine",1986.0,,,,spa,open_library,indigenous_knowledge_americas,Muisca Colombia
/works/OL42602542W,Instituciones jurídicas de la sociedad muisca,"Beatriz Eugenia Said Gomez, Jose Fernando Zarta Arzabaleta",,"Chibcha Indians, Legal status, laws, Indians of South America",1989.0,,,,spa,open_library,indigenous_knowledge_americas,Muisca Colombia
/works/OL35602657W,Sopó,Ruth Marlene Bohórquez Delgado,,"History, Local History, Chibcha Indians",2006.0,,,9589808603,spa,open_library,indigenous_knowledge_americas,Muisca Colombia
/works/OL33361655W,Uque bique muisca,Federmán Contreras Díaz,,"Chibcha mythology, Petroglyphs, Indians of South America, Antiquities",2009.0,,,958719280X,spa,open_library,indigenous_knowledge_americas,Muisca Colombia
/works/OL22797918W,Los muiscas en los siglos XVI y XVII,"Jorge Augusto Gamboa Mendoza, Alejandro Bernal",,"Chibcha Indians, Congresses, History",2008.0,,,9789586953481,spa,open_library,indigenous_knowledge_americas,Muisca Colombia
/works/OL22383934W,Los chyquys de la nación muisca chibcha,Pablo Felipe Gómez Montáñez,,"Chibcha Indians, Ethnology, Chibcha mythology, Social life and customs, Ethnic identity, Rites and ceremonies",2009.0,,,9789586954570,spa,open_library,indigenous_knowledge_americas,Muisca Colombia
/works/OL37213041W,Establecimiento de tipologías en la cerámica muisca,Lucía Rojas de Perdomo,,"Chibcha pottery, Chibcha Indians, Antiquities",1972.0,,,,spa,open_library,indigenous_knowledge_americas,Muisca Colombia
/works/OL13610679W,"Festejos muiscas en El Infiernito, Valle de Leyva",Manuel Salge Ferro,,"Antiquities, Chibcha Indians, Excavations (Archaeology)",2007.0,0.0,0.0,9789586952873,spa,open_library,indigenous_knowledge_americas,Muisca Colombia
/works/OL43364237W,Los muiscas,Francisco Beltrán Peña,,"Chibcha Indians, Chibcha cosmology",1987.0,,,9789589039137,spa,open_library,indigenous_knowledge_americas,Muisca cosmology
/works/OL26508383W,Decolonial Philosophy of Indigenous Colombia,Juan Alejandro Chindoy Chindoy,,"America, history",2020.0,,,1786616297,eng,open_library,indigenous_knowledge_americas,Kamentsa Colombia
/works/OL45855821W,Los kamëntsá y el legado visual de la diócesis de Mocoa-Sibundoy,Tirsa Taira Chindoy Chasoy,,"Indigenous peoples, Indians of South America, Missions, Social life and customs",2019.0,,,9978199586,spa,open_library,indigenous_knowledge_americas,Kamentsa Colombia
/works/OL42936911W,"De conflictos, perdones y justicias","Pablo Felipe Gómez Montáñez, Sarai Andrea Gómez-Cáceres, Fredy Leonardo Reyes Albarracín",,"Indians of South America, Politics and government, Social life and customs, Customary law, Conflict management, Peace-building, Transitional justice, Ethnology, Political violence, Cultural pluralism",2020.0,,,9789587822939,spa,open_library,indigenous_knowledge_americas,Kamentsa Colombia
/works/OL513791W,A reference grammar of Northern Embera languages,Charles Arthur Mortensen,,"Catio language, Grammar, Languages",1999.0,,,9781556710810,eng,open_library,indigenous_knowledge_americas,Embera Colombia
/works/OL31545708W,Proyecto Embera-Wera,"Esmeralda Ruiz González, María Teresa Duque Orrego",,"Female circumcision, Embera Indians, Health and hygiene, Social life and customs, Cultural assimilation, Sex crimes, Prevention, Proyecto Embera Wera",2011.0,,,,spa,open_library,indigenous_knowledge_americas,Embera Colombia
/works/OL44643039W,Crisis humanitaria del pueblo Emberá,"Consultaría para los Derechos Humanos y el Desplazamiento, Organización Nacional Indígena de Colombia",,"Embera Indians, Economic conditions, Social conditions, Treatment of Indians, Internally displaced persons, Insurgency",2014.0,,,9789588881027,spa,open_library,indigenous_knowledge_americas,Embera Colombia
/works/OL1423894W,"A dangerously toxic new frog (Phyllobates) used by Emberá Indians of western Colombia, with discussion of blowgun fabrication and dart poisoning",Charles W. Myers,,"Colombia, Hunting, Arrow poisons, Indians of South America, Poisonous animals, Blowguns, Phyllobates terribilis, Choco Indians",1978.0,,,,eng,open_library,indigenous_knowledge_americas,Embera Colombia
/works/OL33583799W,"Zenú, emberá, wayú",Enrique Rafael Morales Guerrero,,"Indians of South America, Social life and customs, Indian mythology, Cenu Indians, Embera Indians, Goajiro Indians",2004.0,,,9789589251492,spa,open_library,indigenous_knowledge_americas,Embera Colombia
/works/OL17361178W,"Bia 'Buma : el VIH/sida en los Emberá Chamí de Cristianía, Colombia. - 1. edición",,,,2016.0,,,9587146778,,open_library,indigenous_knowledge_americas,Embera Colombia
/works/OL626924W,Trua Wuandra,Astrid Ulloa,,"Embera Indians, Hunting, Wildlife conservation, National parks and reserves",1996.0,,,9789589571224,spa,open_library,indigenous_knowledge_americas,Embera Colombia
/works/OL17802813W,Emberas territorio y biodiversidad : estrategias de control en escenarios de conflicto,María del Pilar Valencia,,"Embera Indians, Government relations, Social conditions, Indigenous peoples, Ecology, Biodiversity, Ethnoecology",2001.0,,,9789589661277,spa,open_library,indigenous_knowledge_americas,Embera Colombia
/works/OL19242814W,Cuéntelos bien como yo le conté,,,"Tales, Embera Indians, Folklore",1998.0,,,9586553027,spa,open_library,indigenous_knowledge_americas,Embera Colombia
/works/OL2420519W,Ideas y prácticas ambientales del pueblo Embera del Chocó,Camilo Antonio Hernández,,"Social life and customs, Embera Indians",1995.0,,,9589061842,spa,open_library,indigenous_knowledge_americas,Embera Colombia
/works/OL19253132W,Geografía humana de Colombia,Instituto Colombiano de Cultura Hispánica,,"Social life and customs, Ethnology, Indians of South America, Human geography",1992.0,,,9789589004159,spa,open_library,indigenous_knowledge_americas,Embera Colombia
/works/OL23776230W,Oralidad y escritura entre los embera-chamí de Risaralda,Fernando Romero Loaiza,,"Chamí language, Phonology, Writing",2000.0,,,9589249493,spa,open_library,indigenous_knowledge_americas,Embera Colombia
/works/OL42467672W,"Prospección arqueológica del resguardo embera de Chajeradó, Murindo, Antioquia",Emilio Piazzini,,"Antiquities, Indians of South America, Excavations (Archaeology), Salvage archaeology",1997.0,,,,spa,open_library,indigenous_knowledge_americas,Embera Colombia
/works/OL4034802W,Los embera y los cuna,Patricia Vargas Sarmiento,,"Cuna Indians, Embera Indians, History",1993.0,,,9589061680,spa,open_library,indigenous_knowledge_americas,Embera Colombia
/works/OL44636159W,Drúa-iujá,Cabildo Mayor del Pueblo Embera de Risaralda,,"Embera Indians, Politics and government, Cabildo Mayor del Pueblo Embera de Risaralda",1998.0,,,,spa,open_library,indigenous_knowledge_americas,Embera Colombia
/works/OL789479W,Viaje y violencia,Anne-Marie Losonczy,,"Embera Indians, Religion, Religious life and customs, Rites and ceremonies, Shamanism, Social life and customs",2006.0,,,958710143X,spa,open_library,indigenous_knowledge_americas,Embera Colombia
/works/OL23357865W,Población indígena en Antioquia,,,"Indians of South America, Population, Social conditions, Economic conditions",1990.0,,,,spa,open_library,indigenous_knowledge_americas,Embera Colombia
/works/OL2844671W,La tonina enamorada,Mariana Avilán H.,,"Indians of South America, Legends, Folklore",1995.0,,,9789582002022,spa,open_library,indigenous_knowledge_americas,Embera Colombia
/works/OL626921W,Kipará,Astrid Ulloa,,"Body marking, Children's drawings, Embera art, Embera philosophy",1992.0,,,9789581700790,spa,open_library,indigenous_knowledge_americas,Embera Colombia
/works/OL626922W,Kipara,Astrid Ulloa,,,1992.0,,,9789581700790,spa,open_library,indigenous_knowledge_americas,Embera Colombia
/works/OL3049393W,Semejantes a los dioses,Luis Guillermo Vasco Uribe,,"Chamí baskets, Chamí pottery, Keramik, Korbware, Indian baskets, Indian pottery",1987.0,,,9789581700097,spa,open_library,indigenous_knowledge_americas,Embera Colombia
/works/OL22393031W,Colombia diversa,César A. Zuluaga Zuluaga,,"Social life and customs, Multiculturalism, Group identity, Indians of South America, Cultural pluralism, Indianen, Etnische minderheden, Culturele betrekkingen",2010.0,,,9586967999,spa,open_library,indigenous_knowledge_americas,Embera Colombia
/works/OL38440166W,Las que cuidan el fogón,Magdalena Ramnek,,"Embera Indians, Social conditions, Indian women, Religion",1997.0,,,,spa,open_library,indigenous_knowledge_americas,Embera Colombia
/works/OL13147096W,"Deara, una ruta de acercamiento al espacio y a la arquitectura de los indígenas Embera y Waunana",Claudio Varini,,"Embera Indians, Expedición Humana (1988-  ), Indian architecture, Space (Architecture), Waunana Indians",1994.0,,,9789589176184,spa,open_library,indigenous_knowledge_americas,Embera Colombia
/works/OL32714640W,Karagabí,"Simón Domicó, Kimy Pernía, Efraín Jaramillo",,"Embera Indians, Folklore, Tales",2016.0,,,9588568595,spa,open_library,indigenous_knowledge_americas,Embera Colombia
/works/OL13453172W,Simposio La recuperación de lenguas nativas como búsqueda de identidad étnica,Congreso Nacional de Antropología (Colombia) (7th 1994 Universidad de Antioquia),,"Congresses, Languages, Indians of South America, Ethnicity, Language obsolescence",1995.0,,,,spa,open_library,indigenous_knowledge_americas,Embera Colombia
/works/OL24048351W,El jaibaná en la encrucijada,Pablo Jaramillo Salazar,,"Embera Indians, Rites and ceremonies, Religion, Politics and government, Shamanism, Social life and customs",2006.0,,,9588231655,spa,open_library,indigenous_knowledge_americas,Embera Colombia
/works/OL32584172W,Formación en derechos humanos y principios humanitarios del derecho internacional humanitario dirigido a pueblos indígenas,Protección y Promoción de los Derechos Humanos Colombia. Consejería Presidencial para la Defensa,,"Indigenous peoples (International law), Indigenous peoples, Legal status, laws, Civil rights, International law and human rights",2017.0,,,9581804412,spa,open_library,indigenous_knowledge_americas,Embera Colombia
/works/OL19451294W,"Chajeradó, el río de la caña flecha partida",,,"Social conditions, Catio Indians, Economic conditions, Forest products industry, Embera Indians, Environmental aspects",1997.0,,,9789586122801,spa,open_library,indigenous_knowledge_americas,Embera Colombia
/works/OL16136925W,La trama interétnica,Anne-Marie Losonczy,,"Religious life and customs, Religion, Embera Indians, Blacks, Black people",2006.0,,,9789588181370,eng,open_library,indigenous_knowledge_americas,Embera Colombia
/works/OL38581376W,Lenguas amerindias,"Elsa Benavides, François Correa",,"Indians of South America, Languages, Sociolinguistics, Language policy, Goajiro language, Social aspects, Paez language, Pamoa language",1997.0,,,,spa,open_library,indigenous_knowledge_americas,Nasa Colombia
/works/OL22337412W,"Pueblos indígenas, Estados y derechos humanos","X. Etxeberria, Manuel Ramiro Muñoz",,"Paez Indians, Human rights, Civil rights, Tzeltal Indians, Government relations, Group identity, Anthropological aspects, Social conditions, Ethnic identity",2012.0,,,9786074171976,spa,open_library,indigenous_knowledge_americas,Nasa Colombia
/works/OL37007981W,Gramática del páez o nasa yuwe,Ingrid Jung,,"Paez language, Grammar",2008.0,,,3895860182,spa,open_library,indigenous_knowledge_americas,Nasa Colombia
/works/OL37845269W,Autonomía en el Movimiento Indígena NASA a Partir de la Constitución Política de Colombia de 1991,"Yaneth Rocío Valero Gutiérrez, Instituciones y Globalización Staff Grupo de Investigación Cultura Política",,"Indians of south america, Self-determination, national, Tribal government, Colombia, politics and government, Paez Indians, Government relations, Legal status, laws, Autonomous communities",2016.0,,,9789587756234,spa,open_library,indigenous_knowledge_americas,Nasa Colombia
/works/OL22393031W,Colombia diversa,César A. Zuluaga Zuluaga,,"Social life and customs, Multiculturalism, Group identity, Indians of South America, Cultural pluralism, Indianen, Etnische minderheden, Culturele betrekkingen",2010.0,,,9586967999,spa,open_library,indigenous_knowledge_americas,Nasa Colombia
/works/OL44844996W,Entre la emancipación y la captura,Vilma Almendra Quiguanás,,"Paez Indians, Government relations, Politics and government",2018.0,,,6079326620,spa,open_library,indigenous_knowledge_americas,Nasa Colombia
/works/OL32493320W,Lenguas Vivas de Colombia. Autodiagnóstico Sociolingüístico Volumen IV,Varios,,,2022.0,,,9587905334,spa,open_library,indigenous_knowledge_americas,Nasa Colombia
/works/OL4190957W,"Alvaro Ulcué, nasa pal",Ezio Roattino,,"Biography, Catholic Church, Clergy",1986.0,,,,spa,open_library,indigenous_knowledge_americas,Nasa Colombia
/works/OL24038930W,Proyecto Nasa,Gustavo Wilches-Chaux,,"Public health, Environmental protection, Paez Indians, Social life and customs",2005.0,,,9589769128,spa,open_library,indigenous_knowledge_americas,Nasa Colombia
/works/OL15114198W,Öko-Kosmologie,Josef Drexler,,"Paez Indians, Rural Land use, Landscape ecology, Indian cosmology, Traditional ecological knowledge, Rites and ceremonies, Land tenure, Religious life and customs, Religion, Conservation of natural resources, Shamanism, Paez cosmology",2009.0,0.0,0.0,9783825819262,ger,open_library,indigenous_knowledge_americas,Nasa Colombia
/works/OL2721285W,Intercultural utopias,Joanne Rappaport,,"Indians of South America, Politics and government, Social life and customs, Intellectual life, Ethnic relations, Pluralism (Social sciences), Social conditions, Multiculturalism, Cultural policy, Colombia, social conditions, Cultural pluralism",2005.0,,,9780822335993,eng,open_library,indigenous_knowledge_americas,Nasa Colombia
/works/OL14988429W,La guardia indígena nasa y el arte de la resistencia pacífica,Eduardo Sandoval Forero,,"Indians of South America, Cultural pluralism, Government relations, Community organization, Passive resistance, Social movements, Legal status, laws, Societies",2008.0,,,9584431250,spa,open_library,indigenous_knowledge_americas,Nasa Colombia
/works/OL44963845W,Extractivismo minero en Colombia y América Latina,"Barbara Göbel, Astrid Ulloa, Göbel, Barbara (Anthropologist)",,"Mineral industries, Social aspects, Indians of South America, Land tenure",2014.0,,,9587750853,spa,open_library,indigenous_knowledge_americas,Nasa Colombia
/works/OL32642691W,La fuerza del ombligo,José Navia,,"Paez Indians, Political violence, Ethnic conflict",2015.0,,,9789587321876,spa,open_library,indigenous_knowledge_americas,Nasa Colombia
/works/OL15504126W,La tierra contra la muerte,Juan Houghton,,"Social conflict, Government relations, Indians of South America, Land use, Petroleum industry and trade, Mineral industries, Land tenure, Social conditions, Economic conditions, Ethnic relations",2008.0,,,9589514367,spa,open_library,indigenous_knowledge_americas,Nasa Colombia
/works/OL22752992W,El pensamiento de la comunidad nasa yuwe,Alexander Ávila Martínez,,"Paez Indians, Indian philosophy",2011.0,,,9588325935,spa,open_library,indigenous_knowledge_americas,Nasa Colombia
/works/OL44029081W,Kiwe Ten'za,"Martha Parada, Nora Tobar, Parada, Mauricio (Writer on Paez Indians)",,"Paez Indians, Government relations, Politics and government, Treatment of Indians",2006.0,,,,spa,open_library,indigenous_knowledge_americas,Nasa Colombia
/works/OL44670659W,Serie Rio de letras,Colombia. Ministerio de Educación Nacional,,"Spanish language, Readers, Indians, Languages",2014.0,,,9789586916899,spa,open_library,indigenous_knowledge_americas,Nasa Colombia
/works/OL28173456W,Utopías interculturales,Joanne Rappaport,,"Etnología, Ethnology, Ethnologie, POLITICAL SCIENCE, Civil Rights",2008.0,,,9587387511,spa,open_library,indigenous_knowledge_americas,Nasa Colombia
/works/OL32765515W,Construcción de micromundos,Erwin Meza Vega,,"Cultural property, Paez Indians, Ethnic identity, Moguex Indians, Paez language, Moguex language, Indians of South America, Languages, Guambiano Indians, Guambiano language",2016.0,,,9789587322163,spa,open_library,indigenous_knowledge_americas,Nasa Colombia
/works/OL32800183W,"Los ""teatros"" de la memoria","Colombia) Simposio ""Los 'teatros' de la memoria: dinámicas y tensiones"" (2010 Santa Marta",,"Museums, Congresses, Cultural property, Antiquities, Collection and preservation, Archaeological museums and collections, Social aspects",2012.0,,,9789586957793,spa,open_library,indigenous_knowledge_americas,Nasa Colombia
/works/OL44874281W,Reconciliaciones y resistencias,"Jhon Alexánder Idrobo Velasco, Johanna Amaya Panche",,"Peace-building, Reconciliation, Political aspects",2018.0,,,9587821440,spa,open_library,indigenous_knowledge_americas,Nasa Colombia
/works/OL32478321W,"El arco, el cuerpo y la seña",Hugo Portela Guarín,,"Paez Indians, Medicine, Traditional medicine, Medical anthropology, Social life and customs",2018.0,,,958732319X,spa,open_library,indigenous_knowledge_americas,Nasa Colombia
/works/OL23965075W,U' sxakwe sa'tkwe ena's umnxi,,,"Indians of South America, Social life and customs",2004.0,,,9589749178,spa,open_library,indigenous_knowledge_americas,Nasa Colombia
/works/OL2886241W,Countering development,David D. Gow,,"Indians of South America, Economic conditions, Commerce, Government relations, Sustainable development, Economic development, Indians of south america, economic conditions, Colombia, economic conditions",2008.0,,,0822388804,eng,open_library,indigenous_knowledge_americas,Nasa Colombia
/works/OL43365845W,Experiencias de revitalización cultural y lingüística,"Daniel Guzmán Paco, Libertad Pinto Rodríguez, FUNPROEIB Andes",,"Indigenous peoples, Languages, Revival, Education, Language revival",2019.0,,,9997499735,spa,open_library,indigenous_knowledge_americas,Nasa Colombia
/works/OL18586819W,De los saberes de la emancipación y de la dominación,Ana Esther Ceceña,,"Social conditions, Politics and government, Liberty, Power (Social sciences)",2008.0,,,9871543093,spa,open_library,indigenous_knowledge_americas,Nasa Colombia
/works/OL45056457W,"Pos-acuerdo y territorio en las comunidades indígenas, afro y campesinas en el norte del Cauca","Jairo Vladimir Llano Franco, Nicole Velasco Cano, Hermán Gómez Gutiérrez, Jenny Marcela Trejos Trejos",,"Transitional justice, Indians of South America, Land tenure, Black people, Peasants",2019.0,,,9587912209,spa,open_library,indigenous_knowledge_americas,Nasa Colombia
/works/OL12240644W,Study of future world markets for agricultural aircraft,F. W. Gobetz,,"Aeronautics in agriculture, Aerial fertilizing",1979.0,,,,eng,open_library,indigenous_knowledge_americas,Nasa Colombia
/works/OL32037359W,"Mujeres indígenas haciendo, investigando y reescribiendo lo político en América Latina",Astrid Ulloa,,"Indian women, Political activity, Indians of South America, Politics and government, Indians of Mexico, Indians of Central America",2020.0,,,9789587941197,spa,open_library,indigenous_knowledge_americas,Nasa Colombia
/works/OL2796449W,Nosotros los Wayuu,Alfonso Forero,,"Goajiro Indians, Bibliography, Tales, Folklore, Legends",1995.0,,,9589160328,spa,open_library,indigenous_knowledge_americas,Wayuu Colombia
/works/OL44454173W,Lo que saben los wayuu,"Rafael Segundo Mercado Epieyuu, Alberto Saldarriaga Roa, Fernando Urbina Rangel, María Fernanda Acosta Convers, Leonardo Otálora Cotrino, Guillermo López Acevedo, Universidad de Bogotá ""Jorge Tadeo Lozano."" Facultad de Artes y Diseño",,"Goajiro Indians, Pictorial works, Religion, Social life and customs, Animism",2016.0,,,9587251997,spa,open_library,indigenous_knowledge_americas,Wayuu Colombia
/works/OL23188277W,Apalaanchi,Santiago Harker,,"Goajiro Indians, Pictorial works, Fishers",2009.0,,,9789588306537,spa,open_library,indigenous_knowledge_americas,Wayuu Colombia
/works/OL43397737W,El sabedor Wayuu,Ede n Vizcai no,,"Goajiro Indians, Education",2021.0,,,9789585483989,spa,open_library,indigenous_knowledge_americas,Wayuu Colombia
/works/OL19226952W,"Censo binacional de la étnia wayuu, 1992",Venezuela. Oficina Central de Estadística e Informática,,"Goajiro Indians, Census, 1992, Indians of South America, Census",1995.0,,,9789802801176,spa,open_library,indigenous_knowledge_americas,Wayuu Colombia
/works/OL32560189W,El pueblo Wayuu,Carmen Laura Paz Reverol,,"Goajiro Indians, Social life and customs, Manners and customs",2017.0,,,9789942094940,spa,open_library,indigenous_knowledge_americas,Wayuu Colombia
/works/OL19109374W,Las salinas de los Wayúu,,,"Salt industry and trade, Commerce, Salt mines and mining, Indian business enterprises, Goajiro Indians, Law and legislation, Politics and government, Economic conditions, Government relations",2005.0,,,9589760716,spa,open_library,indigenous_knowledge_americas,Wayuu Colombia
/works/OL15979501W,La masacre de Bahía Portete,Comisión Nacional de Reparación y Reconciliación (Colombia). Área de Memoria Histórica,,"Goajiro Indians, Massacres, Race relations, Goajiro women, History",2010.0,,,9789587580235,spa,open_library,indigenous_knowledge_americas,Wayuu Colombia
/works/OL3189909W,"Sistemas jurídicos paez, kogi, wayúu y tule",Carlos César Perafán Simmonds,,"Legal status, laws, Paez Indians, Kagaba Indians, Goajiro Indians, Cuna Indians",1995.0,,,9586121712,spa,open_library,indigenous_knowledge_americas,Wayuu Colombia
/works/OL22750014W,Los Wayuu en la historia de América,Edén Vizcaíno,,"Historiography, Goajiro Indians, Government relations, History",2010.0,,,9789588152820,spa,open_library,indigenous_knowledge_americas,Wayuu Colombia
/works/OL23852596W,Conceptos de la sexualidad Wayuu,Olga Mejía M.,,"Goajiro Indians, Sexual behavior, Social life and customs, Goajiro mythology, Sex role, Tales",2001.0,,,9589702007,spa,open_library,indigenous_knowledge_americas,Wayuu Colombia
/works/OL18996722W,Contribuciones al estudio de la etnomúsica y cultura wayuu,,,"Folk music, Goajiro Indians, History and criticism, Music",1987.0,,,9806145046,spa,open_library,indigenous_knowledge_americas,Wayuu Colombia
/works/OL19253132W,Geografía humana de Colombia,Instituto Colombiano de Cultura Hispánica,,"Social life and customs, Ethnology, Indians of South America, Human geography",1992.0,,,9789589004159,spa,open_library,indigenous_knowledge_americas,Wayuu Colombia
/works/OL42495760W,Material life and social metaphor,Alberto Rivera Gutiérrez,,"Goajiro Indians, Social conditions, Indians of South America, Ethnology, Ethnography",1987.0,,,,eng,open_library,indigenous_knowledge_americas,Wayuu Colombia
/works/OL38575755W,La cosmovisión wayuú a través de los textiles,Enza García,,"Goajiro textile fabrics, Goajiro Indians, Religion, Indian cosmology",1996.0,,,9789806388109,spa,open_library,indigenous_knowledge_americas,Wayuu Colombia
/works/OL33440459W,Los esclavos wayuu de las haciendas del Zulia,Fredy Luis González Zubiría,,"Goajiro Indians, History, Legal status, laws, Social life and customs, Slavery, Haciendas",2009.0,0.0,0.0,9789584456847,spa,open_library,indigenous_knowledge_americas,Wayuu Colombia
/works/OL6080433W,La disputa y la palabra,Weildler Guerra Curvelo,,"Goajiro Indians, Legal status, laws, Social life and customs",2002.0,,,9588159520,spa,open_library,indigenous_knowledge_americas,Wayuu Colombia
/works/OL32451620W,Enfermedad y su tratamiento entre los wayuu,Katharina Bernhard,,"Goajiro Indians, Medicine, Social life and customs, Traditional medicine",2015.0,,,9789588549347,spa,open_library,indigenous_knowledge_americas,Wayuu Colombia
/works/OL44045015W,Matriarchale Spuren in Kolumbien,Theresia Sauter Bailliet,,"Travel, Germans, Matriarchy, Women, Social conditions, Social life and customs, Description and travel",2015.0,,,3939623563,ger,open_library,indigenous_knowledge_americas,Wayuu Colombia
/works/OL19117191W,Desde el desierto,,,"Violence against, Goajiro Indians, Paramilitary forces, Ethnic relations, Government relations",2007.0,,,9789584416827,spa,open_library,indigenous_knowledge_americas,Wayuu Colombia
/works/OL25038320W,Stratégies et Politiques de Reconnaissance et D'identité,Claudia Puerta Silva,,"Colombia, politics and government",2013.0,,,9782875740342,fre,open_library,indigenous_knowledge_americas,Wayuu Colombia
/works/OL19109644W,Venezuela y Colombia,Socorro Ramírez,,"Historiography, Relations, History",2005.0,,,9800022163,spa,open_library,indigenous_knowledge_americas,Wayuu Colombia
/works/OL24026914W,Cuando la sal se corrompe--,Hernán Darío Correa,,"Goajiro Indians, Social conditions, Economic conditions, Government relations, Indian business enterprises, Salt pans (Geology), Salt industry and trade, Free enterprise",2005.0,,,9789588101224,spa,open_library,indigenous_knowledge_americas,Wayuu Colombia
/works/OL32116484W,Hijos de la lluvia y el desierto,Alfredo Correa Losada,,"Goajiro Indians, Social life and customs, History, Indians of South America",2018.0,0.0,0.0,9584830015,spa,open_library,indigenous_knowledge_americas,Wayuu Colombia
/works/OL32621518W,Del monumento al pensamiento,Museo Nacional de Colombia,,"World Heritage areas, Exhibitions, Historic sites, Cultural property, Antiquities",2012.0,,,9587530780,spa,open_library,indigenous_knowledge_americas,Wayuu Colombia
/works/OL23345373W,Propuestas populares de política pública para la construcción de la paz,Planeta Paz (Project : Colombia),,"Peace-building, Political planning, Citizen participation, Political participation, Politics and government, Indians of South America, Government relations, Land reform, Food security",2012.0,,,9789585772731,spa,open_library,indigenous_knowledge_americas,Wayuu Colombia
/works/OL45267181W,Desecrated land,"Roberto Pineda Camacho, Organización Nacional Indígena de Colombia, Centro de Cooperación al Indígena (Colombia), Gesamthochschule Kassel",,"Natural resources, Economic development projects, Social aspects, Economic development, Environmental aspects, Human ecology, Treatment of Indians, Indians of South America, Economic conditions, Social conditions",1996.0,,,388122873X,eng,open_library,indigenous_knowledge_americas,Wayuu Colombia
/works/OL44670659W,Serie Rio de letras,Colombia. Ministerio de Educación Nacional,,"Spanish language, Readers, Indians, Languages",2014.0,,,9789586916899,spa,open_library,indigenous_knowledge_americas,Wayuu Colombia
/works/OL22391825W,Subregiones productivas del Caribe colombiano,Joaquín Viloria de la Hoz,,"Commerce, Economic development projects, Economic conditions, Regional economics",2006.0,,,9789586641883,spa,open_library,indigenous_knowledge_americas,Wayuu Colombia
/works/OL33060914W,Industria extractiva y derechos étnicos,Liza González Perafán,,"Mineral industries, Petroleum industry and trade, Indians of South America, Civil rights, Land tenure, Minorities, Human rights, Government policy, Social aspects, Environmental aspects",2008.0,,,,spa,open_library,indigenous_knowledge_americas,Wayuu Colombia
/works/OL17991296W,"Structure, knowledge and representation in the Andes","R. Tom Zuidema, Gary Urton",,"Incas, Addresses, essays, lectures",1996.0,,,,eng,open_library,indigenous_knowledge_americas,Quechua Indigenous knowledge
/works/OL16014677W,Decolonizing native histories,Florencia E. Mallon,,"Political aspects, Indigenous peoples and mass media, Language and languages, Language and culture, Language and languages, political aspects, America, history",2012.0,,,9780822351528,eng,open_library,indigenous_knowledge_americas,Quechua Indigenous knowledge
/works/OL42823332W,A TOUR OF THE WORLD,"Malik Mansab Khan, Muhammad Rafique Abdul Aziz",,"Political Geography, Global Politics, Geopolitics, International Relations, Political Divisions, Nation States, Global History, World History, Geopolitical Divisions, Global Economics, World Geography, Demographics, Political Science, Global Awareness, World politics",2025.0,,,,eng,open_library,indigenous_knowledge_americas,Quechua Indigenous knowledge
/works/OL5958624W,Inventing indigenous knowledge,Lynn Swartley,,"Agriculture, Aymara Indians, Indians of South America, Rural development projects, Terracing, Indians of south america, agriculture, Bolivia, Bolivia, economic conditions, Indiens d'Amérique, Aymara (Indiens), Projets de développement rural, Culture en terrasses, Entwicklungsprojekt, Hochbeet, Lokales Wissen",2002.0,,,1315810999,eng,open_library,indigenous_knowledge_americas,Aymara Indigenous knowledge
/works/OL42823332W,A TOUR OF THE WORLD,"Malik Mansab Khan, Muhammad Rafique Abdul Aziz",,"Political Geography, Global Politics, Geopolitics, International Relations, Political Divisions, Nation States, Global History, World History, Geopolitical Divisions, Global Economics, World Geography, Demographics, Political Science, Global Awareness, World politics",2025.0,,,,eng,open_library,indigenous_knowledge_americas,Aymara Indigenous knowledge
/works/OL16572168W,"Education, indigenous knowledge, and development in the global south",Anders Breidlid,,"Education, Case studies, Indigenous peoples, Sustainable development, Southern hemisphere, Ethnology",2012.0,,,0415895898,eng,open_library,indigenous_knowledge_americas,Mapuche Indigenous knowledge
/works/OL20044294W,A Latin American music reader,"Javier F. León, Helena Simonett",,"Ethnomusicology, Folk music, History and criticism, Applied ethnomusicology, Folk music, history and criticism, Music, latin american, Social aspects",2016.0,,,0252081676,eng,open_library,indigenous_knowledge_americas,Mapuche Indigenous knowledge
/works/OL24083165W,Visión indigena,Ramón Nenadich Deglans,,"Indian cosmology, Congresses, Indian philosophy, Indians of South America, Religion, Indians of Central America, Social life and customs, Religious life and customs, Indigenous peoples",2005.0,,,,spa,open_library,indigenous_knowledge_americas,Mapuche Indigenous knowledge
/works/OL42823332W,A TOUR OF THE WORLD,"Malik Mansab Khan, Muhammad Rafique Abdul Aziz",,"Political Geography, Global Politics, Geopolitics, International Relations, Political Divisions, Nation States, Global History, World History, Geopolitical Divisions, Global Economics, World Geography, Demographics, Political Science, Global Awareness, World politics",2025.0,,,,eng,open_library,indigenous_knowledge_americas,Mapuche Indigenous knowledge
/works/OL18208113W,Indigenous religions,Graham Harvey,,"Religion, Indigenous peoples, Dreaming, Autochtones, Indigenes Volk, Magic and sorcery, Creation, Cosmology, Religions, Inheemse volken, Godsdiensten, Christianity, Religion primitive, Aufsatzsammlung",2000.0,,,1138202428,eng,open_library,indigenous_knowledge_americas,Maya Indigenous cosmology
/works/OL32475479W,Culturas visuales indígenas y las prácticas estéticas en las Américas desde la antigüedad hasta el presente,"Sanja Savkić, Hannah Baader",,"Indian aesthetics, Indian art, Indian cosmology, Indians, Urban residence, Antiquities, Arts and society, Indigenous peoples, Arts",2019.0,0.0,0.0,9783786128311,spa,open_library,indigenous_knowledge_americas,Maya Indigenous cosmology
/works/OL24083165W,Visión indigena,Ramón Nenadich Deglans,,"Indian cosmology, Congresses, Indian philosophy, Indians of South America, Religion, Indians of Central America, Social life and customs, Religious life and customs, Indigenous peoples",2005.0,,,,spa,open_library,indigenous_knowledge_americas,Maya Indigenous cosmology
/works/OL18388478W,Mesoamerica's classic heritage,"David Carrasco, Lindsay Jones, Scott Sessions, Lindsay Jones, Edited by Davíd Carrasco, Davíd Carrasco",,"Indians of Mexico, Antiquities, American history: pre-Columbian period, BCE to c 1500, Indigenous peoples, North American archaeology, Pre-Columbian Archaeology, Archaeology / Anthropology, Sociology, Social Science, Mexico, North America, The Americas, Ethnic Studies - Native American Studies, Ancient - General, Anthropology - Cultural",1999.0,,,9780870817007,eng,open_library,indigenous_knowledge_americas,Maya Indigenous cosmology
/works/OL8303971W,Tending the Wild,"M. Kat Anderson, Kat Anderson",,"Indians of north america, agriculture, Indians of north america, history, Human ecology, Nature, effect of human beings on, United states, environmental conditions, Environmental Economics, Green Business, Natural Resources, Indians of North America, Nature, Effect of human beings on, History, Agriculture, Archaeology, BUSINESS & ECONOMICS",2005.0,,,0520933109,eng,open_library,indigenous_knowledge_americas,Native American ecological knowledge
/works/OL16819897W,Braiding Sweetgrass,Robin Wall Kimmerer,,"Botany, Ecology, Potawatomi Indians, Indian philosophy, Philosophy of nature, Human-plant relationships, Effect of human beings on, Nature, Indigenous peoples, Philosophy, Social life and customs, Human ecology, Biography, SCIENCE / Life Sciences / Botany, SOCIAL SCIENCE / Ethnic Studies / Native American Studies",2013.0,4.6153846,13.0,1571313567,spa,open_library,indigenous_knowledge_americas,Native American ecological knowledge
/works/OL23189415W,The Navajo and the animal people,Steve Pavlik,,"Navajo philosophy, Traditional ecological knowledge, Human-animal relationships, Navajo Nation, Arizona, New Mexico & Utah, Indian philosophy, north america",2014.0,,,1938486641,eng,open_library,indigenous_knowledge_americas,Native American ecological knowledge
/works/OL21070490W,Native American Environmentalism,Joy Porter,,"Indians of north america, religion, Indian philosophy, north america, Indigenous peoples, Experiential learning, Indians of North America, Religion, Indian philosophy, Ecology, Traditional ecological knowledge, RELIGION / Ethnic & Tribal, SOCIAL SCIENCE / Ethnic Studies / Native American Studies, NATURE / Essays",2014.0,,,9780803248359,eng,open_library,indigenous_knowledge_americas,Native American ecological knowledge
/works/OL18409453W,Indigenous traditions and ecology,John Grim,,"Environmental degradation, Ecology, Environmental ethics, Religious aspects, Ethnophilosophy, Cosmology, Religion, Indigenous peoples, Environnement, Primitieve volken, Ethnophilosophie, Éthique de l'environnement, Aspect religieux, Inheemse volken, Écologie",2001.0,,,0945454287,eng,open_library,indigenous_knowledge_americas,Native American ecological knowledge
/works/OL23317976W,The river of life,Michael E. Marchand,,"Indians of North America, Science, Indian philosophy, Indigenous peoples, Ecology, Traditional ecological knowledge, Sustainable living, Sustainable development, Indian philosophy, north america, Indianer, Indigenes Volk, Nachhaltigkeit, Natürliche Ressourcen, Ressourcenmanagement, Umweltpolitik",2014.0,,,1611862221,eng,open_library,indigenous_knowledge_americas,Native American ecological knowledge
/works/OL17991296W,"Structure, knowledge and representation in the Andes","R. Tom Zuidema, Gary Urton",,"Incas, Addresses, essays, lectures",1996.0,,,,eng,open_library,indigenous_knowledge_americas,Native American ecological knowledge
/works/OL16343146W,Contemporary issues in California archaeology,Society for American Archaeology. Meeting,,"Antiquities, Indians of North America, Indians of north america, antiquities, California, antiquities, Congresses",2012.0,,,9781611320916,eng,open_library,indigenous_knowledge_americas,Native American ecological knowledge
/works/OL18208113W,Indigenous religions,Graham Harvey,,"Religion, Indigenous peoples, Dreaming, Autochtones, Indigenes Volk, Magic and sorcery, Creation, Cosmology, Religions, Inheemse volken, Godsdiensten, Christianity, Religion primitive, Aufsatzsammlung",2000.0,,,1138202428,eng,open_library,indigenous_knowledge_americas,Native American ecological knowledge
/works/OL5911969W,Changing the Face of Mathematics,National Council of Teachers of Mathematics.,,"Mathematics, Study and teaching, Social aspects, Mathematical ability, Indians of North America, Education",2002.0,,,9780873535069,eng,open_library,indigenous_knowledge_americas,Native American ecological knowledge
/works/OL15452484W,Fundamentals of complementary and alternative medicine,Marc S. Micozzi,,"Complementary Therapies, Alternative medicine, Médecines parallèles",2011.0,,,1437705774,eng,open_library,indigenous_knowledge_americas,Native American ecological knowledge
/works/OL19668875W,The Water Walker,Joanne Robertson,,"JUVENILE NONFICTION, Savoirs écologiques traditionnels, Activism, Children's books, Environment, Conservation, Autochtones, Juvenile literature, Knowledge, traditional, Traditional ecological knowledge, Water conservation, Native peoples, Protection, Science & Nature, Ojibwa",2017.0,,,1772600385,eng,open_library,indigenous_knowledge_americas,Native American ecological knowledge
/works/OL21222760W,Climate Change and Indigenous Peoples in the United States,"Julie Koppel Maldonado, Benedict Colombi, Rajul Pandya",,"Climatic changes, Indians of north america, social conditions, Human beings, effect of climate on, Indigenous peoples, Euthenics, Nature and nurture, Adaptation (Biology), Ecology, Environmental sciences, Climate Change Management and Policy, Cultural Management",2014.0,,,3319052675,eng,open_library,indigenous_knowledge_americas,Native American ecological knowledge
/works/OL18480123W,Paradigm wars,"Jerry Mander, Victoria Tauli-Corpuz",,"Anti-globalization movement, Environmental degradation, Globalization, Culture and globalization, Economic conditions, Indigenous peoples, Social conditions, Autochtones, Conditions économiques, Conditions sociales, Culture et mondialisation, Mondialisation, Antimondialisation, Environnement, Dégradation",2006.0,,,9781578051328,eng,open_library,indigenous_knowledge_americas,Native American ecological knowledge
/works/OL22317760W,"Seed sovereignty, food security",Vandana Shiva,,"Plant genetic engineering, Agricultural biotechnology, Crops, Genetic engineering, Moral and ethical aspects, Food security, Transgenic plants, Women in agriculture, Engineering",2015.0,,,1623170281,eng,open_library,indigenous_knowledge_americas,Native American ecological knowledge
/works/OL21261910W,Our Ice Is Vanishing,Shelley Wright,,"Inuit, canada, Sea ice, Climatic changes, Canada, climate, Canada, social conditions, Canada, environmental conditions, Inuit, History, Climate, Environmental conditions, Inuits, Histoire, Glace de mer, Aspect social, Climat",2014.0,,,9780773544628,eng,open_library,indigenous_knowledge_americas,Native American ecological knowledge
/works/OL15526391W,Understanding child abuse and neglect,Cynthia Crosson-Tower,,"Social work with children, Services for, Child abuse, Abused children, Child abuse, prevention, Children, services for, Political science",2010.0,,,9780205399697,eng,open_library,indigenous_knowledge_americas,Native American ecological knowledge
/works/OL15728539W,Proud to be Inuvialuit,"Mindy Willett, Tessa Macintosh",,"White whale hunting, Hunting, Biographies, Inuvialuit (Inuits), Native Americans, Inuvialuit, Families, Juvenile literature, Savoirs ecologiques traditionnels, Ouvrages pour la jeunesse, Family, Chasse, Traditional ecological knowledge, Indians of North America, Inuvialuit Eskimos",2010.0,,,1897252595,,open_library,indigenous_knowledge_americas,Native American ecological knowledge
/works/OL17198654W,The Human Planet,,,,2009.0,,,9788493424565,,open_library,indigenous_knowledge_americas,Native American ecological knowledge
/works/OL15745489W,Treaty Occupationay Toxicology,Suelen Queiroz,,,2010.0,,,9788578937317,eng,open_library,indigenous_knowledge_americas,Native American ecological knowledge
/works/OL42823332W,A TOUR OF THE WORLD,"Malik Mansab Khan, Muhammad Rafique Abdul Aziz",,"Political Geography, Global Politics, Geopolitics, International Relations, Political Divisions, Nation States, Global History, World History, Geopolitical Divisions, Global Economics, World Geography, Demographics, Political Science, Global Awareness, World politics",2025.0,,,,eng,open_library,indigenous_knowledge_americas,Native American ecological knowledge
